﻿<?xml version="1.0" encoding="utf-8" standalone="yes"?>
<navigationTree>
  <navNode>
    <pathDescription>Call Logging</pathDescription>
    <pathName>LOG</pathName>
    <firstPanel>RST0028</firstPanel>
    <whenAvailable>ALWAYS</whenAvailable>
    <restartPath>True</restartPath>
    <collapsedOnStartup>True</collapsedOnStartup>
    <Logging>True</Logging>
    <children />
  </navNode>
  <navNode>
    <pathDescription>BAC Credit Card</pathDescription>
    <pathName>MBNA</pathName>
    <firstPanel>CC0001</firstPanel>
    <whenAvailable>ALWAYS</whenAvailable>
    <restartPath>True</restartPath>
    <collapsedOnStartup>True</collapsedOnStartup>
    <Logging>False</Logging>
    <children />
  </navNode>
  <navNode>
    <pathDescription>Do Not Contact</pathDescription>
    <pathName>CONTACT</pathName>
    <firstPanel>CONTACT0001</firstPanel>
    <whenAvailable>ALWAYS</whenAvailable>
    <restartPath>True</restartPath>
    <collapsedOnStartup>True</collapsedOnStartup>
    <Logging>False</Logging>
    <children />
  </navNode>
  <navNode>
    <pathDescription>Escalation Form</pathDescription>
    <pathName>ESCALFORM</pathName>
    <firstPanel>ESCALFRM0002</firstPanel>
    <whenAvailable>ALWAYS</whenAvailable>
    <restartPath>True</restartPath>
    <collapsedOnStartup>True</collapsedOnStartup>
    <Logging>False</Logging>
    <children />
  </navNode>
  <navNode>
    <pathDescription>Threatening Call</pathDescription>
    <pathName>THREAT</pathName>
    <firstPanel>THREAT0001</firstPanel>
    <whenAvailable>ALWAYS</whenAvailable>
    <restartPath>True</restartPath>
    <collapsedOnStartup>True</collapsedOnStartup>
    <Logging>False</Logging>
    <children />
  </navNode>
  <navNode>
    <pathDescription>Message Board</pathDescription>
    <pathName>MSG</pathName>
    <firstPanel>MBOARD</firstPanel>
    <whenAvailable>BROWSE</whenAvailable>
    <restartPath>True</restartPath>
    <collapsedOnStartup>True</collapsedOnStartup>
    <Logging>False</Logging>
    <children />
  </navNode>
  <navNode>
    <pathDescription>Orders</pathDescription>
    <pathName>ORD</pathName>
    <firstPanel>SCREENPOP</firstPanel>
    <whenAvailable>NEVER</whenAvailable>
    <restartPath>False</restartPath>
    <collapsedOnStartup>True</collapsedOnStartup>
    <Logging>False</Logging>
    <children />
  </navNode>
  <navNode>
    <pathDescription>Call Transfer</pathDescription>
    <pathName>TRANSFER</pathName>
    <firstPanel>TRANSFER0001</firstPanel>
    <whenAvailable>NEVER</whenAvailable>
    <restartPath>True</restartPath>
    <collapsedOnStartup>True</collapsedOnStartup>
    <Logging>False</Logging>
    <children />
  </navNode>
  <navNode>
    <pathDescription>Fatal Error path branched to automatically</pathDescription>
    <pathName>FATAL</pathName>
    <firstPanel>FATALSKILLS</firstPanel>
    <whenAvailable>NEVER</whenAvailable>
    <restartPath>False</restartPath>
    <collapsedOnStartup>True</collapsedOnStartup>
    <Logging>False</Logging>
    <children />
  </navNode>
  <navNode>
    <pathDescription>Overlapping Call</pathDescription>
    <pathName>OVC</pathName>
    <firstPanel>OVC0001</firstPanel>
    <whenAvailable>NEVER</whenAvailable>
    <restartPath>True</restartPath>
    <collapsedOnStartup>True</collapsedOnStartup>
    <Logging>False</Logging>
    <children />
  </navNode>
  <navNode>
    <pathDescription>AnswerCall</pathDescription>
    <pathName>ANSWER</pathName>
    <firstPanel>ANSWERCALL</firstPanel>
    <whenAvailable>NEVER</whenAvailable>
    <restartPath>False</restartPath>
    <collapsedOnStartup>True</collapsedOnStartup>
    <Logging>False</Logging>
    <children />
  </navNode>
  <navNode>
    <pathDescription>bypass logging and set ready after strike</pathDescription>
    <pathName>STRIKE</pathName>
    <firstPanel>PRELOGGING</firstPanel>
    <whenAvailable>NEVER</whenAvailable>
    <restartPath>False</restartPath>
    <collapsedOnStartup>True</collapsedOnStartup>
    <Logging>False</Logging>
    <children />
  </navNode>
  <navNode>
    <pathDescription>Manual Credit Card Applications</pathDescription>
    <pathName>MANUAL</pathName>
    <firstPanel>MANUAL0002</firstPanel>
    <whenAvailable>NEVER</whenAvailable>
    <restartPath>False</restartPath>
    <collapsedOnStartup>True</collapsedOnStartup>
    <Logging>False</Logging>
    <children />
  </navNode>
  <navNode>
    <pathDescription>Manual Consumer Finance Applications</pathDescription>
    <pathName>CFMANUAL</pathName>
    <firstPanel>CFMANUAL0001</firstPanel>
    <whenAvailable>NEVER</whenAvailable>
    <restartPath>True</restartPath>
    <collapsedOnStartup>True</collapsedOnStartup>
    <Logging>False</Logging>
    <children />
  </navNode>
  <navNode>
    <pathDescription>Greeting</pathDescription>
    <pathName>START</pathName>
    <firstPanel>SCREENPOP</firstPanel>
    <whenAvailable>NEVER</whenAvailable>
    <restartPath>True</restartPath>
    <collapsedOnStartup>True</collapsedOnStartup>
    <Logging>False</Logging>
    <children />
  </navNode>
  <navNode>
    <pathDescription>MRA Conference</pathDescription>
    <pathName>MRA</pathName>
    <firstPanel>MRA0001</firstPanel>
    <whenAvailable>NEVER</whenAvailable>
    <restartPath>False</restartPath>
    <collapsedOnStartup>True</collapsedOnStartup>
    <Logging>False</Logging>
    <children />
  </navNode>
  <navNode>
    <pathDescription>CHNGREQ</pathDescription>
    <pathName>CHNGREQ</pathName>
    <firstPanel>[None]</firstPanel>
    <whenAvailable>NEVER</whenAvailable>
    <restartPath>True</restartPath>
    <collapsedOnStartup>True</collapsedOnStartup>
    <Logging>False</Logging>
    <children />
  </navNode>
  <navNode>
    <pathDescription>CONSUMER</pathDescription>
    <pathName>CONSUMER</pathName>
    <firstPanel>[None]</firstPanel>
    <whenAvailable>NEVER</whenAvailable>
    <restartPath>True</restartPath>
    <collapsedOnStartup>True</collapsedOnStartup>
    <Logging>False</Logging>
    <children />
  </navNode>
  <navNode>
    <pathDescription>EBR</pathDescription>
    <pathName>EBR</pathName>
    <firstPanel>[None]</firstPanel>
    <whenAvailable>NEVER</whenAvailable>
    <restartPath>True</restartPath>
    <collapsedOnStartup>True</collapsedOnStartup>
    <Logging>False</Logging>
    <children />
  </navNode>
  <navNode>
    <pathDescription>IVL</pathDescription>
    <pathName>IVL</pathName>
    <firstPanel>[None]</firstPanel>
    <whenAvailable>NEVER</whenAvailable>
    <restartPath>True</restartPath>
    <collapsedOnStartup>True</collapsedOnStartup>
    <Logging>False</Logging>
    <children />
  </navNode>
</navigationTree>
