﻿<LCCCHECK>
<ListItems>
<Column0>5490</Column0>
</ListItems><ListItems>
<Column0>5329</Column0>
</ListItems><ListItems>
<Column0>5200</Column0>
</ListItems><ListItems>
<Column0>5401</Column0>
</ListItems><ListItems>
<Column0>5406</Column0>
</ListItems><ListItems>
<Column0>5421</Column0>
</ListItems><ListItems>
<Column0>5438</Column0>
</ListItems><ListItems>
<Column0>5466</Column0>
</ListItems><ListItems>
<Column0>4264</Column0>
</ListItems><ListItems>
<Column0>4147</Column0>
</ListItems><ListItems>
<Column0>4313</Column0>
</ListItems><ListItems>
<Column0>4500</Column0>
</ListItems><ListItems>
<Column0>4800</Column0>
</ListItems></LCCCHECK>
