﻿<LCOUNTRYCODE>
<ListItems>
<Column0>AFGHANISTAN</Column0>
<Column1>AF</Column1>
</ListItems><ListItems>
<Column0>ALBANIA</Column0>
<Column1>AL</Column1>
</ListItems><ListItems>
<Column0>ALGERIA</Column0>
<Column1>DZ</Column1>
</ListItems><ListItems>
<Column0>ANDORRA</Column0>
<Column1>AD</Column1>
</ListItems><ListItems>
<Column0>ANGOLA</Column0>
<Column1>AO</Column1>
</ListItems><ListItems>
<Column0>ANGUILLA</Column0>
<Column1>AI</Column1>
</ListItems><ListItems>
<Column0>ANTARCTICA</Column0>
<Column1>AQ</Column1>
</ListItems><ListItems>
<Column0>ANTIGUA AND BARBUDA</Column0>
<Column1>AG</Column1>
</ListItems><ListItems>
<Column0>ARGENTINA</Column0>
<Column1>AR</Column1>
</ListItems><ListItems>
<Column0>ARMENIA</Column0>
<Column1>AM</Column1>
</ListItems><ListItems>
<Column0>ARUBA</Column0>
</ListItems><ListItems>
<Column0>AW</Column0>
</ListItems><ListItems>
<Column0>AUSTRALIA</Column0>
</ListItems><ListItems>
<Column0>AU</Column0>
</ListItems><ListItems>
<Column0>AUSTRIA</Column0>
</ListItems><ListItems>
<Column0>AT</Column0>
</ListItems><ListItems>
<Column0>AZERBAIJAN</Column0>
</ListItems><ListItems>
<Column0>AZ</Column0>
</ListItems><ListItems>
<Column0>BAHAMAS</Column0>
</ListItems><ListItems>
<Column0>BS</Column0>
</ListItems><ListItems>
<Column0>BAHRAIN</Column0>
</ListItems><ListItems>
<Column0>BH</Column0>
</ListItems><ListItems>
<Column0>BANGLADESH</Column0>
</ListItems><ListItems>
<Column0>BD</Column0>
</ListItems><ListItems>
<Column0>BARBADOS</Column0>
</ListItems><ListItems>
<Column0>BB</Column0>
</ListItems><ListItems>
<Column0>BELARUS</Column0>
</ListItems><ListItems>
<Column0>BY</Column0>
</ListItems><ListItems>
<Column0>BELGIUM</Column0>
</ListItems><ListItems>
<Column0>BE</Column0>
</ListItems><ListItems>
<Column0>BELIZE</Column0>
</ListItems><ListItems>
<Column0>BZ</Column0>
</ListItems><ListItems>
<Column0>BENIN</Column0>
</ListItems><ListItems>
<Column0>BJ</Column0>
</ListItems><ListItems>
<Column0>BERMUDA</Column0>
</ListItems><ListItems>
<Column0>BM</Column0>
</ListItems><ListItems>
<Column0>BHUTAN</Column0>
</ListItems><ListItems>
<Column0>BT</Column0>
</ListItems><ListItems>
<Column0>BOLIVIA</Column0>
</ListItems><ListItems>
<Column0>BO</Column0>
</ListItems><ListItems>
<Column0>BOSNIA AND HERZEGOVINA</Column0>
</ListItems><ListItems>
<Column0>BA</Column0>
</ListItems><ListItems>
<Column0>BOTSWANA</Column0>
</ListItems><ListItems>
<Column0>BW</Column0>
</ListItems><ListItems>
<Column0>BOUVET ISLAND</Column0>
</ListItems><ListItems>
<Column0>BV</Column0>
</ListItems><ListItems>
<Column0>BRAZIL</Column0>
</ListItems><ListItems>
<Column0>BR</Column0>
</ListItems><ListItems>
<Column0>BRITISH INDIAN OCEAN TERRITORY</Column0>
</ListItems><ListItems>
<Column0>IO</Column0>
</ListItems><ListItems>
<Column0>BRUNEI DARUSSALAM</Column0>
</ListItems><ListItems>
<Column0>BN</Column0>
</ListItems><ListItems>
<Column0>BULGARIA</Column0>
</ListItems><ListItems>
<Column0>BG</Column0>
</ListItems><ListItems>
<Column0>BURKINA FASO</Column0>
</ListItems><ListItems>
<Column0>BF</Column0>
</ListItems><ListItems>
<Column0>BURUNDI</Column0>
</ListItems><ListItems>
<Column0>BI</Column0>
</ListItems><ListItems>
<Column0>CAMBODIA</Column0>
</ListItems><ListItems>
<Column0>KH</Column0>
</ListItems><ListItems>
<Column0>CAMEROON</Column0>
</ListItems><ListItems>
<Column0>CM</Column0>
</ListItems><ListItems>
<Column0>CANADA</Column0>
</ListItems><ListItems>
<Column0>CA</Column0>
</ListItems><ListItems>
<Column0>CAPE VERDE</Column0>
</ListItems><ListItems>
<Column0>CV</Column0>
</ListItems><ListItems>
<Column0>CAYMAN ISLANDS</Column0>
</ListItems><ListItems>
<Column0>KY</Column0>
</ListItems><ListItems>
<Column0>CENTRAL AFRICAN REPUBLIC</Column0>
</ListItems><ListItems>
<Column0>CF</Column0>
</ListItems><ListItems>
<Column0>CHAD</Column0>
</ListItems><ListItems>
<Column0>TD</Column0>
</ListItems><ListItems>
<Column0>CHILE</Column0>
</ListItems><ListItems>
<Column0>CL</Column0>
</ListItems><ListItems>
<Column0>CHINA</Column0>
</ListItems><ListItems>
<Column0>CN</Column0>
</ListItems><ListItems>
<Column0>CHRISTMAS ISLAND</Column0>
</ListItems><ListItems>
<Column0>CX</Column0>
</ListItems><ListItems>
<Column0>COCOS (KEELING) ISLANDS</Column0>
</ListItems><ListItems>
<Column0>CC</Column0>
</ListItems><ListItems>
<Column0>COLOMBIA</Column0>
</ListItems><ListItems>
<Column0>CO</Column0>
</ListItems><ListItems>
<Column0>COMOROS</Column0>
</ListItems><ListItems>
<Column0>KM</Column0>
</ListItems><ListItems>
<Column0>CONGO - DEMOCRATIC REPUBLIC OF THE</Column0>
</ListItems><ListItems>
<Column0>CD</Column0>
</ListItems><ListItems>
<Column0>CONGO</Column0>
</ListItems><ListItems>
<Column0>CG</Column0>
</ListItems><ListItems>
<Column0>COOK ISLANDS</Column0>
</ListItems><ListItems>
<Column0>CK</Column0>
</ListItems><ListItems>
<Column0>COSTA RICA</Column0>
</ListItems><ListItems>
<Column0>CR</Column0>
</ListItems><ListItems>
<Column0>CROATIA</Column0>
</ListItems><ListItems>
<Column0>HR</Column0>
</ListItems><ListItems>
<Column0>CTTE D IVOIRE</Column0>
</ListItems><ListItems>
<Column0>CI</Column0>
</ListItems><ListItems>
<Column0>CUBA</Column0>
</ListItems><ListItems>
<Column0>CU</Column0>
</ListItems><ListItems>
<Column0>CYPRUS</Column0>
</ListItems><ListItems>
<Column0>CY</Column0>
</ListItems><ListItems>
<Column0>CZECH REPUBLIC</Column0>
</ListItems><ListItems>
<Column0>CZ</Column0>
</ListItems><ListItems>
<Column0>DENMARK</Column0>
</ListItems><ListItems>
<Column0>DK</Column0>
</ListItems><ListItems>
<Column0>DJIBOUTI</Column0>
</ListItems><ListItems>
<Column0>DJ</Column0>
</ListItems><ListItems>
<Column0>DOMINICA</Column0>
</ListItems><ListItems>
<Column0>DM</Column0>
</ListItems><ListItems>
<Column0>DOMINICAN REPUBLIC</Column0>
</ListItems><ListItems>
<Column0>DO</Column0>
</ListItems><ListItems>
<Column0>EAST TIMOR (PROVISIONAL)</Column0>
</ListItems><ListItems>
<Column0>TP</Column0>
</ListItems><ListItems>
<Column0>ECUADOR</Column0>
</ListItems><ListItems>
<Column0>EC</Column0>
</ListItems><ListItems>
<Column0>EGYPT</Column0>
</ListItems><ListItems>
<Column0>EG</Column0>
</ListItems><ListItems>
<Column0>EL SALVADOR</Column0>
</ListItems><ListItems>
<Column0>SV</Column0>
</ListItems><ListItems>
<Column0>EQUATORIAL GUINEA</Column0>
</ListItems><ListItems>
<Column0>GQ</Column0>
</ListItems><ListItems>
<Column0>ERITREA</Column0>
</ListItems><ListItems>
<Column0>ER</Column0>
</ListItems><ListItems>
<Column0>ESTONIA</Column0>
</ListItems><ListItems>
<Column0>EE</Column0>
</ListItems><ListItems>
<Column0>ETHIOPIA</Column0>
</ListItems><ListItems>
<Column0>ET</Column0>
</ListItems><ListItems>
<Column0>FALKLAND ISLANDS (MALVINAS)</Column0>
</ListItems><ListItems>
<Column0>FK</Column0>
</ListItems><ListItems>
<Column0>FAROE ISLANDS</Column0>
</ListItems><ListItems>
<Column0>FO</Column0>
</ListItems><ListItems>
<Column0>FIJI</Column0>
</ListItems><ListItems>
<Column0>FJ</Column0>
</ListItems><ListItems>
<Column0>FINLAND</Column0>
</ListItems><ListItems>
<Column0>FI</Column0>
</ListItems><ListItems>
<Column0>FRANCE</Column0>
</ListItems><ListItems>
<Column0>FR</Column0>
</ListItems><ListItems>
<Column0>FRENCH GUIANA</Column0>
</ListItems><ListItems>
<Column0>GF</Column0>
</ListItems><ListItems>
<Column0>FRENCH POLYNESIA</Column0>
</ListItems><ListItems>
<Column0>PF</Column0>
</ListItems><ListItems>
<Column0>FRENCH SOUTHERN TERRITORIES</Column0>
</ListItems><ListItems>
<Column0>TF</Column0>
</ListItems><ListItems>
<Column0>GABON</Column0>
</ListItems><ListItems>
<Column0>GA</Column0>
</ListItems><ListItems>
<Column0>GAMBIA</Column0>
</ListItems><ListItems>
<Column0>GM</Column0>
</ListItems><ListItems>
<Column0>GEORGIA</Column0>
</ListItems><ListItems>
<Column0>GE</Column0>
</ListItems><ListItems>
<Column0>GERMANY</Column0>
</ListItems><ListItems>
<Column0>DE</Column0>
</ListItems><ListItems>
<Column0>GHANA</Column0>
</ListItems><ListItems>
<Column0>GH</Column0>
</ListItems><ListItems>
<Column0>GIBRALTAR</Column0>
</ListItems><ListItems>
<Column0>GI</Column0>
</ListItems><ListItems>
<Column0>GREECE</Column0>
</ListItems><ListItems>
<Column0>GR</Column0>
</ListItems><ListItems>
<Column0>GREENLAND</Column0>
</ListItems><ListItems>
<Column0>GL</Column0>
</ListItems><ListItems>
<Column0>GRENADA</Column0>
</ListItems><ListItems>
<Column0>GD</Column0>
</ListItems><ListItems>
<Column0>GUADALOUPE</Column0>
</ListItems><ListItems>
<Column0>GP</Column0>
</ListItems><ListItems>
<Column0>GUATEMALA</Column0>
</ListItems><ListItems>
<Column0>GT</Column0>
</ListItems><ListItems>
<Column0>GUINEA</Column0>
</ListItems><ListItems>
<Column0>GN</Column0>
</ListItems><ListItems>
<Column0>GUINEA-BISSAU</Column0>
</ListItems><ListItems>
<Column0>GW</Column0>
</ListItems><ListItems>
<Column0>GUYANA</Column0>
</ListItems><ListItems>
<Column0>GY</Column0>
</ListItems><ListItems>
<Column0>HAITI</Column0>
</ListItems><ListItems>
<Column0>HT</Column0>
</ListItems><ListItems>
<Column0>HEARD ISLAND AND MCDONALD ISLANDS</Column0>
</ListItems><ListItems>
<Column0>HM</Column0>
</ListItems><ListItems>
<Column0>HONDURAS</Column0>
</ListItems><ListItems>
<Column0>HN</Column0>
</ListItems><ListItems>
<Column0>HONG KONG</Column0>
</ListItems><ListItems>
<Column0>HK</Column0>
</ListItems><ListItems>
<Column0>HUNGARY</Column0>
</ListItems><ListItems>
<Column0>HU</Column0>
</ListItems><ListItems>
<Column0>ICELAND</Column0>
</ListItems><ListItems>
<Column0>IS</Column0>
</ListItems><ListItems>
<Column0>INDIA</Column0>
</ListItems><ListItems>
<Column0>IN</Column0>
</ListItems><ListItems>
<Column0>INDONESIA</Column0>
</ListItems><ListItems>
<Column0>ID</Column0>
</ListItems><ListItems>
<Column0>IRAN</Column0>
</ListItems><ListItems>
<Column0>IR</Column0>
</ListItems><ListItems>
<Column0>IRAQ</Column0>
</ListItems><ListItems>
<Column0>IQ</Column0>
</ListItems><ListItems>
<Column0>IRELAND</Column0>
</ListItems><ListItems>
<Column0>IE</Column0>
</ListItems><ListItems>
<Column0>ISRAEL</Column0>
</ListItems><ListItems>
<Column0>IL</Column0>
</ListItems><ListItems>
<Column0>ITALY</Column0>
</ListItems><ListItems>
<Column0>IT</Column0>
</ListItems><ListItems>
<Column0>JAMAICA</Column0>
</ListItems><ListItems>
<Column0>JM</Column0>
</ListItems><ListItems>
<Column0>JAPAN</Column0>
</ListItems><ListItems>
<Column0>JP</Column0>
</ListItems><ListItems>
<Column0>JORDAN</Column0>
</ListItems><ListItems>
<Column0>JO</Column0>
</ListItems><ListItems>
<Column0>KAZAKHSTAN</Column0>
</ListItems><ListItems>
<Column0>KZ</Column0>
</ListItems><ListItems>
<Column0>KENYA</Column0>
</ListItems><ListItems>
<Column0>KE</Column0>
</ListItems><ListItems>
<Column0>KIRIBATI</Column0>
</ListItems><ListItems>
<Column0>KI</Column0>
</ListItems><ListItems>
<Column0>KOREA NORTH</Column0>
</ListItems><ListItems>
<Column0>KP</Column0>
</ListItems><ListItems>
<Column0>KOREA SOUTH</Column0>
</ListItems><ListItems>
<Column0>KR</Column0>
</ListItems><ListItems>
<Column0>KUWAIT</Column0>
</ListItems><ListItems>
<Column0>KW</Column0>
</ListItems><ListItems>
<Column0>KYRGYZSTAN</Column0>
</ListItems><ListItems>
<Column0>KG</Column0>
</ListItems><ListItems>
<Column0>LAOS</Column0>
</ListItems><ListItems>
<Column0>LA</Column0>
</ListItems><ListItems>
<Column0>LATVIA</Column0>
</ListItems><ListItems>
<Column0>LV</Column0>
</ListItems><ListItems>
<Column0>LEBANON</Column0>
</ListItems><ListItems>
<Column0>LB</Column0>
</ListItems><ListItems>
<Column0>LESOTHO</Column0>
</ListItems><ListItems>
<Column0>LS</Column0>
</ListItems><ListItems>
<Column0>LIBERIA</Column0>
</ListItems><ListItems>
<Column0>LR</Column0>
</ListItems><ListItems>
<Column0>LIBYA</Column0>
</ListItems><ListItems>
<Column0>LY</Column0>
</ListItems><ListItems>
<Column0>LIECHTENSTEIN</Column0>
</ListItems><ListItems>
<Column0>LI</Column0>
</ListItems><ListItems>
<Column0>LITHUANIA</Column0>
</ListItems><ListItems>
<Column0>LT</Column0>
</ListItems><ListItems>
<Column0>LUXEMBOURG</Column0>
</ListItems><ListItems>
<Column0>LU</Column0>
</ListItems><ListItems>
<Column0>MACAU</Column0>
</ListItems><ListItems>
<Column0>MO</Column0>
</ListItems><ListItems>
<Column0>MACEDONIA</Column0>
</ListItems><ListItems>
<Column0>MK</Column0>
</ListItems><ListItems>
<Column0>MADAGASCAR</Column0>
</ListItems><ListItems>
<Column0>MG</Column0>
</ListItems><ListItems>
<Column0>MALAWI</Column0>
</ListItems><ListItems>
<Column0>MW</Column0>
</ListItems><ListItems>
<Column0>MALAYSIA</Column0>
</ListItems><ListItems>
<Column0>MY</Column0>
</ListItems><ListItems>
<Column0>MALDIVES</Column0>
</ListItems><ListItems>
<Column0>MV</Column0>
</ListItems><ListItems>
<Column0>MALI</Column0>
</ListItems><ListItems>
<Column0>ML</Column0>
</ListItems><ListItems>
<Column0>MALTA</Column0>
</ListItems><ListItems>
<Column0>MT</Column0>
</ListItems><ListItems>
<Column0>MARTINIQUE</Column0>
</ListItems><ListItems>
<Column0>MQ</Column0>
</ListItems><ListItems>
<Column0>MAURITANIA</Column0>
</ListItems><ListItems>
<Column0>MR</Column0>
</ListItems><ListItems>
<Column0>MAURITIUS</Column0>
</ListItems><ListItems>
<Column0>MU</Column0>
</ListItems><ListItems>
<Column0>MAYOTTE</Column0>
</ListItems><ListItems>
<Column0>YT</Column0>
</ListItems><ListItems>
<Column0>MEXICO</Column0>
</ListItems><ListItems>
<Column0>MX</Column0>
</ListItems><ListItems>
<Column0>MOLDOVA</Column0>
</ListItems><ListItems>
<Column0>MD</Column0>
</ListItems><ListItems>
<Column0>MONACO</Column0>
</ListItems><ListItems>
<Column0>MC</Column0>
</ListItems><ListItems>
<Column0>MONGOLIA</Column0>
</ListItems><ListItems>
<Column0>MN</Column0>
</ListItems><ListItems>
<Column0>MONTSERRAT</Column0>
</ListItems><ListItems>
<Column0>MS</Column0>
</ListItems><ListItems>
<Column0>MOROCCO</Column0>
</ListItems><ListItems>
<Column0>MA</Column0>
</ListItems><ListItems>
<Column0>MOZAMBIQUE</Column0>
</ListItems><ListItems>
<Column0>MZ</Column0>
</ListItems><ListItems>
<Column0>MYANMAR</Column0>
</ListItems><ListItems>
<Column0>MM</Column0>
</ListItems><ListItems>
<Column0>NAMIBIA</Column0>
</ListItems><ListItems>
<Column0>NA</Column0>
</ListItems><ListItems>
<Column0>NAURU</Column0>
</ListItems><ListItems>
<Column0>NR</Column0>
</ListItems><ListItems>
<Column0>NEPAL</Column0>
</ListItems><ListItems>
<Column0>NP</Column0>
</ListItems><ListItems>
<Column0>NETHERLANDS ANTILLES</Column0>
</ListItems><ListItems>
<Column0>AN</Column0>
</ListItems><ListItems>
<Column0>NETHERLANDS</Column0>
</ListItems><ListItems>
<Column0>NL</Column0>
</ListItems><ListItems>
<Column0>NEW CALEDONIA</Column0>
</ListItems><ListItems>
<Column0>NC</Column0>
</ListItems><ListItems>
<Column0>NEW ZEALAND</Column0>
</ListItems><ListItems>
<Column0>NZ</Column0>
</ListItems><ListItems>
<Column0>NICARAGUA</Column0>
</ListItems><ListItems>
<Column0>NI</Column0>
</ListItems><ListItems>
<Column0>NIGER</Column0>
</ListItems><ListItems>
<Column0>NE</Column0>
</ListItems><ListItems>
<Column0>NIGERIA</Column0>
</ListItems><ListItems>
<Column0>NG</Column0>
</ListItems><ListItems>
<Column0>NIUE</Column0>
</ListItems><ListItems>
<Column0>NU</Column0>
</ListItems><ListItems>
<Column0>NORFOLK ISLAND</Column0>
</ListItems><ListItems>
<Column0>NF</Column0>
</ListItems><ListItems>
<Column0>NORWAY</Column0>
</ListItems><ListItems>
<Column0>NO</Column0>
</ListItems><ListItems>
<Column0>OMAN</Column0>
</ListItems><ListItems>
<Column0>OM</Column0>
</ListItems><ListItems>
<Column0>PAKISTAN</Column0>
</ListItems><ListItems>
<Column0>PK</Column0>
</ListItems><ListItems>
<Column0>PANAMA</Column0>
</ListItems><ListItems>
<Column0>PA</Column0>
</ListItems><ListItems>
<Column0>PAPUA NEW GUINEA</Column0>
</ListItems><ListItems>
<Column0>PG</Column0>
</ListItems><ListItems>
<Column0>PARAGUAY</Column0>
</ListItems><ListItems>
<Column0>PY</Column0>
</ListItems><ListItems>
<Column0>PERU</Column0>
</ListItems><ListItems>
<Column0>PE</Column0>
</ListItems><ListItems>
<Column0>PHILIPPINES</Column0>
</ListItems><ListItems>
<Column0>PH</Column0>
</ListItems><ListItems>
<Column0>PITCAIRN</Column0>
</ListItems><ListItems>
<Column0>PN</Column0>
</ListItems><ListItems>
<Column0>POLAND</Column0>
</ListItems><ListItems>
<Column0>PL</Column0>
</ListItems><ListItems>
<Column0>PORTUGAL</Column0>
</ListItems><ListItems>
<Column0>PT</Column0>
</ListItems><ListItems>
<Column0>PUERTO RICO</Column0>
</ListItems><ListItems>
<Column0>PR</Column0>
</ListItems><ListItems>
<Column0>QATAR</Column0>
</ListItems><ListItems>
<Column0>QA</Column0>
</ListItems><ListItems>
<Column0>REPUBLIC OF MONTENEGRO</Column0>
</ListItems><ListItems>
<Column0>ME</Column0>
</ListItems><ListItems>
<Column0>REUNION</Column0>
</ListItems><ListItems>
<Column0>RE</Column0>
</ListItems><ListItems>
<Column0>ROMANIA</Column0>
</ListItems><ListItems>
<Column0>RO</Column0>
</ListItems><ListItems>
<Column0>RUSSIAN FEDERATION</Column0>
</ListItems><ListItems>
<Column0>RU</Column0>
</ListItems><ListItems>
<Column0>RWANDA</Column0>
</ListItems><ListItems>
<Column0>RW</Column0>
</ListItems><ListItems>
<Column0>SAINT HELENA</Column0>
</ListItems><ListItems>
<Column0>SH</Column0>
</ListItems><ListItems>
<Column0>SAINT KITTS AND NEVIS</Column0>
</ListItems><ListItems>
<Column0>KN</Column0>
</ListItems><ListItems>
<Column0>SAINT LUCIA</Column0>
</ListItems><ListItems>
<Column0>LC</Column0>
</ListItems><ListItems>
<Column0>SAINT PIERRE AND MIQUELON</Column0>
</ListItems><ListItems>
<Column0>PM</Column0>
</ListItems><ListItems>
<Column0>SAINT VINCENT AND THE GRENADINES</Column0>
</ListItems><ListItems>
<Column0>VC</Column0>
</ListItems><ListItems>
<Column0>SAMOA</Column0>
</ListItems><ListItems>
<Column0>WS</Column0>
</ListItems><ListItems>
<Column0>SAN MARINO</Column0>
</ListItems><ListItems>
<Column0>SM</Column0>
</ListItems><ListItems>
<Column0>SAO TOME AND PRINCIPE</Column0>
</ListItems><ListItems>
<Column0>ST</Column0>
</ListItems><ListItems>
<Column0>SAUDI ARABIA</Column0>
</ListItems><ListItems>
<Column0>SA</Column0>
</ListItems><ListItems>
<Column0>SENEGAL</Column0>
</ListItems><ListItems>
<Column0>SN</Column0>
</ListItems><ListItems>
<Column0>SERBIA AND MONTENEGRO</Column0>
</ListItems><ListItems>
<Column0>YU</Column0>
</ListItems><ListItems>
<Column0>SEYCHELLES</Column0>
</ListItems><ListItems>
<Column0>SC</Column0>
</ListItems><ListItems>
<Column0>SIERRA LEONE</Column0>
</ListItems><ListItems>
<Column0>SL</Column0>
</ListItems><ListItems>
<Column0>SINGAPORE</Column0>
</ListItems><ListItems>
<Column0>SG</Column0>
</ListItems><ListItems>
<Column0>SLOVAKIA</Column0>
</ListItems><ListItems>
<Column0>SK</Column0>
</ListItems><ListItems>
<Column0>SLOVENIA</Column0>
</ListItems><ListItems>
<Column0>SI</Column0>
</ListItems><ListItems>
<Column0>SOLOMON ISLANDS</Column0>
</ListItems><ListItems>
<Column0>SB</Column0>
</ListItems><ListItems>
<Column0>SOMALIA</Column0>
</ListItems><ListItems>
<Column0>SO</Column0>
</ListItems><ListItems>
<Column0>SOUTH AFRICA</Column0>
</ListItems><ListItems>
<Column0>ZA</Column0>
</ListItems><ListItems>
<Column0>SOUTH GEORGIA AND THE SOUTH SANDWICH ISLANDS</Column0>
</ListItems><ListItems>
<Column0>GS</Column0>
</ListItems><ListItems>
<Column0>SPAIN</Column0>
</ListItems><ListItems>
<Column0>ES</Column0>
</ListItems><ListItems>
<Column0>SRI LANKA</Column0>
</ListItems><ListItems>
<Column0>LK</Column0>
</ListItems><ListItems>
<Column0>SUDAN</Column0>
</ListItems><ListItems>
<Column0>SD</Column0>
</ListItems><ListItems>
<Column0>SURINAME</Column0>
</ListItems><ListItems>
<Column0>SR</Column0>
</ListItems><ListItems>
<Column0>SVALBARD AND JAN MAYEN</Column0>
</ListItems><ListItems>
<Column0>SJ</Column0>
</ListItems><ListItems>
<Column0>SWAZILAND</Column0>
</ListItems><ListItems>
<Column0>SZ</Column0>
</ListItems><ListItems>
<Column0>SWEDEN</Column0>
</ListItems><ListItems>
<Column0>SE</Column0>
</ListItems><ListItems>
<Column0>SWITZERLAND</Column0>
</ListItems><ListItems>
<Column0>CH</Column0>
</ListItems><ListItems>
<Column0>SYRIA</Column0>
</ListItems><ListItems>
<Column0>SY</Column0>
</ListItems><ListItems>
<Column0>TAIWAN</Column0>
</ListItems><ListItems>
<Column0>TW</Column0>
</ListItems><ListItems>
<Column0>TAJIKISTAN</Column0>
</ListItems><ListItems>
<Column0>TJ</Column0>
</ListItems><ListItems>
<Column0>TANZANIA</Column0>
</ListItems><ListItems>
<Column0>TZ</Column0>
</ListItems><ListItems>
<Column0>THAILAND</Column0>
</ListItems><ListItems>
<Column0>TH</Column0>
</ListItems><ListItems>
<Column0>TOGO</Column0>
</ListItems><ListItems>
<Column0>TG</Column0>
</ListItems><ListItems>
<Column0>TOKELAU</Column0>
</ListItems><ListItems>
<Column0>TK</Column0>
</ListItems><ListItems>
<Column0>TONGA</Column0>
</ListItems><ListItems>
<Column0>TO</Column0>
</ListItems><ListItems>
<Column0>TRINIDAD AND TOBAGO</Column0>
</ListItems><ListItems>
<Column0>TT</Column0>
</ListItems><ListItems>
<Column0>TUNISIA</Column0>
</ListItems><ListItems>
<Column0>TN</Column0>
</ListItems><ListItems>
<Column0>TURKEY</Column0>
</ListItems><ListItems>
<Column0>TR</Column0>
</ListItems><ListItems>
<Column0>TURKMENISTAN</Column0>
</ListItems><ListItems>
<Column0>TM</Column0>
</ListItems><ListItems>
<Column0>TURKS AND CAICOS ISLANDS</Column0>
</ListItems><ListItems>
<Column0>TC</Column0>
</ListItems><ListItems>
<Column0>TUVALU</Column0>
</ListItems><ListItems>
<Column0>TV</Column0>
</ListItems><ListItems>
<Column0>UGANDA</Column0>
</ListItems><ListItems>
<Column0>UG</Column0>
</ListItems><ListItems>
<Column0>UKRAINE</Column0>
</ListItems><ListItems>
<Column0>UA</Column0>
</ListItems><ListItems>
<Column0>UNITED ARAB EMIRATES</Column0>
</ListItems><ListItems>
<Column0>AE</Column0>
</ListItems><ListItems>
<Column0>UNITED KINGDOM</Column0>
</ListItems><ListItems>
<Column0>GB</Column0>
</ListItems><ListItems>
<Column0>UNITED STATES MINOR OUTLYING ISLANDS</Column0>
</ListItems><ListItems>
<Column0>UM</Column0>
</ListItems><ListItems>
<Column0>UNITED STATES</Column0>
</ListItems><ListItems>
<Column0>US</Column0>
</ListItems><ListItems>
<Column0>URUGUAY</Column0>
</ListItems><ListItems>
<Column0>UY</Column0>
</ListItems><ListItems>
<Column0>UZBEKISTAN</Column0>
</ListItems><ListItems>
<Column0>UZ</Column0>
</ListItems><ListItems>
<Column0>VANUATU</Column0>
</ListItems><ListItems>
<Column0>VU</Column0>
</ListItems><ListItems>
<Column0>VATICAN CITY STATE (HOLY SEE)</Column0>
</ListItems><ListItems>
<Column0>VA</Column0>
</ListItems><ListItems>
<Column0>VENEZUELA</Column0>
</ListItems><ListItems>
<Column0>VE</Column0>
</ListItems><ListItems>
<Column0>VIET NAM</Column0>
</ListItems><ListItems>
<Column0>VN</Column0>
</ListItems><ListItems>
<Column0>VIRGIN ISLANDS - BRITISH</Column0>
</ListItems><ListItems>
<Column0>VG</Column0>
</ListItems><ListItems>
<Column0>WALLIS AND FORTUNA ISLANDS</Column0>
</ListItems><ListItems>
<Column0>WF</Column0>
</ListItems><ListItems>
<Column0>WESTERN SAHARA (PROVISIONAL)</Column0>
</ListItems><ListItems>
<Column0>EH</Column0>
</ListItems><ListItems>
<Column0>YEMEN</Column0>
</ListItems><ListItems>
<Column0>YE</Column0>
</ListItems><ListItems>
<Column0>ZAMBIA</Column0>
</ListItems><ListItems>
<Column0>ZM</Column0>
</ListItems><ListItems>
<Column0>ZIMBABWE</Column0>
</ListItems><ListItems>
<Column0>ZW</Column0>
</ListItems></LCOUNTRYCODE>
