﻿<LDMOLNUMB>
<ListItems>
<Column0>53387232795</Column0>
</ListItems><ListItems>
<Column0>54036507587</Column0>
</ListItems><ListItems>
<Column0>54035644274</Column0>
</ListItems><ListItems>
<Column0>54041371714</Column0>
</ListItems><ListItems>
<Column0>53393342646</Column0>
</ListItems><ListItems>
<Column0>53389870972</Column0>
</ListItems><ListItems>
<Column0>53390930955</Column0>
</ListItems><ListItems>
<Column0>54187420481</Column0>
</ListItems><ListItems>
<Column0>54039099608</Column0>
</ListItems><ListItems>
<Column0>54186903719</Column0>
</ListItems><ListItems>
<Column0>53393729156</Column0>
</ListItems><ListItems>
<Column0>54038353600</Column0>
</ListItems><ListItems>
<Column0>53386629884</Column0>
</ListItems><ListItems>
<Column0>53388071440</Column0>
</ListItems><ListItems>
<Column0>53389120527</Column0>
</ListItems><ListItems>
<Column0>53388087099</Column0>
</ListItems><ListItems>
<Column0>53390801438</Column0>
</ListItems><ListItems>
<Column0>54011008114</Column0>
</ListItems><ListItems>
<Column0>54010618525</Column0>
</ListItems><ListItems>
<Column0>53389079863</Column0>
</ListItems><ListItems>
<Column0>54037593677</Column0>
</ListItems><ListItems>
<Column0>54028092952</Column0>
</ListItems><ListItems>
<Column0>54039384075</Column0>
</ListItems><ListItems>
<Column0>54036537816</Column0>
</ListItems><ListItems>
<Column0>54190748704</Column0>
</ListItems><ListItems>
<Column0>53388836677</Column0>
</ListItems><ListItems>
<Column0>54035671384</Column0>
</ListItems><ListItems>
<Column0>53391469201</Column0>
</ListItems><ListItems>
<Column0>53390980737</Column0>
</ListItems><ListItems>
<Column0>54188005364</Column0>
</ListItems><ListItems>
<Column0>53387656365</Column0>
</ListItems><ListItems>
<Column0>54039296667</Column0>
</ListItems><ListItems>
<Column0>53387523250</Column0>
</ListItems><ListItems>
<Column0>54186047426</Column0>
</ListItems><ListItems>
<Column0>53387784878</Column0>
</ListItems><ListItems>
<Column0>54036855887</Column0>
</ListItems><ListItems>
<Column0>54036491295</Column0>
</ListItems><ListItems>
<Column0>54037431480</Column0>
</ListItems><ListItems>
<Column0>53386744162</Column0>
</ListItems><ListItems>
<Column0>53389781138</Column0>
</ListItems><ListItems>
<Column0>54188096199</Column0>
</ListItems><ListItems>
<Column0>54189849539</Column0>
</ListItems><ListItems>
<Column0>54038425028</Column0>
</ListItems><ListItems>
<Column0>53390361003</Column0>
</ListItems><ListItems>
<Column0>53389008946</Column0>
</ListItems><ListItems>
<Column0>53391403879</Column0>
</ListItems><ListItems>
<Column0>53386516479</Column0>
</ListItems><ListItems>
<Column0>54027842779</Column0>
</ListItems><ListItems>
<Column0>53386644230</Column0>
</ListItems><ListItems>
<Column0>54190391166</Column0>
</ListItems><ListItems>
<Column0>53388734864</Column0>
</ListItems><ListItems>
<Column0>53390899044</Column0>
</ListItems><ListItems>
<Column0>53390787975</Column0>
</ListItems><ListItems>
<Column0>53387477093</Column0>
</ListItems><ListItems>
<Column0>53386831464</Column0>
</ListItems><ListItems>
<Column0>53390382843</Column0>
</ListItems><ListItems>
<Column0>54038722911</Column0>
</ListItems><ListItems>
<Column0>54036993993</Column0>
</ListItems><ListItems>
<Column0>54010492475</Column0>
</ListItems><ListItems>
<Column0>54010681457</Column0>
</ListItems><ListItems>
<Column0>53390168713</Column0>
</ListItems><ListItems>
<Column0>53391411161</Column0>
</ListItems><ListItems>
<Column0>54010232913</Column0>
</ListItems><ListItems>
<Column0>54041486579</Column0>
</ListItems><ListItems>
<Column0>54035482535</Column0>
</ListItems><ListItems>
<Column0>53390597184</Column0>
</ListItems><ListItems>
<Column0>54026572138</Column0>
</ListItems><ListItems>
<Column0>54027500823</Column0>
</ListItems><ListItems>
<Column0>54190122017</Column0>
</ListItems><ListItems>
<Column0>54036828561</Column0>
</ListItems><ListItems>
<Column0>54041210565</Column0>
</ListItems><ListItems>
<Column0>54187552556</Column0>
</ListItems><ListItems>
<Column0>53388635913</Column0>
</ListItems><ListItems>
<Column0>54035412219</Column0>
</ListItems><ListItems>
<Column0>53389287169</Column0>
</ListItems><ListItems>
<Column0>53391264735</Column0>
</ListItems><ListItems>
<Column0>53393677157</Column0>
</ListItems><ListItems>
<Column0>54028264551</Column0>
</ListItems><ListItems>
<Column0>53389628834</Column0>
</ListItems><ListItems>
<Column0>54038786056</Column0>
</ListItems><ListItems>
<Column0>54039671968</Column0>
</ListItems><ListItems>
<Column0>54188983560</Column0>
</ListItems><ListItems>
<Column0>54186978919</Column0>
</ListItems><ListItems>
<Column0>53391370912</Column0>
</ListItems><ListItems>
<Column0>53386542962</Column0>
</ListItems><ListItems>
<Column0>53388117706</Column0>
</ListItems><ListItems>
<Column0>54027105128</Column0>
</ListItems><ListItems>
<Column0>54039543720</Column0>
</ListItems><ListItems>
<Column0>54038997265</Column0>
</ListItems><ListItems>
<Column0>54035348793</Column0>
</ListItems><ListItems>
<Column0>53389330977</Column0>
</ListItems><ListItems>
<Column0>54036376512</Column0>
</ListItems><ListItems>
<Column0>54035214177</Column0>
</ListItems><ListItems>
<Column0>53389682336</Column0>
</ListItems><ListItems>
<Column0>53386934540</Column0>
</ListItems><ListItems>
<Column0>54040089598</Column0>
</ListItems><ListItems>
<Column0>54188808510</Column0>
</ListItems><ListItems>
<Column0>53386877178</Column0>
</ListItems><ListItems>
<Column0>53387137259</Column0>
</ListItems><ListItems>
<Column0>54010448543</Column0>
</ListItems><ListItems>
<Column0>54010738448</Column0>
</ListItems><ListItems>
<Column0>53388097486</Column0>
</ListItems><ListItems>
<Column0>53390421955</Column0>
</ListItems><ListItems>
<Column0>53391141727</Column0>
</ListItems><ListItems>
<Column0>53391633673</Column0>
</ListItems><ListItems>
<Column0>53391596003</Column0>
</ListItems><ListItems>
<Column0>54040169689</Column0>
</ListItems><ListItems>
<Column0>53387760365</Column0>
</ListItems><ListItems>
<Column0>53387780314</Column0>
</ListItems><ListItems>
<Column0>54189237677</Column0>
</ListItems><ListItems>
<Column0>53389528117</Column0>
</ListItems><ListItems>
<Column0>54029004444</Column0>
</ListItems><ListItems>
<Column0>54034994886</Column0>
</ListItems><ListItems>
<Column0>54035368882</Column0>
</ListItems><ListItems>
<Column0>54037989214</Column0>
</ListItems><ListItems>
<Column0>54188139981</Column0>
</ListItems><ListItems>
<Column0>54190016599</Column0>
</ListItems><ListItems>
<Column0>54028581285</Column0>
</ListItems><ListItems>
<Column0>54038294317</Column0>
</ListItems><ListItems>
<Column0>54027333860</Column0>
</ListItems><ListItems>
<Column0>53389774216</Column0>
</ListItems><ListItems>
<Column0>53387082968</Column0>
</ListItems><ListItems>
<Column0>54028013974</Column0>
</ListItems><ListItems>
<Column0>54187723314</Column0>
</ListItems><ListItems>
<Column0>54026803624</Column0>
</ListItems><ListItems>
<Column0>54028143979</Column0>
</ListItems><ListItems>
<Column0>53390777356</Column0>
</ListItems><ListItems>
<Column0>53388665522</Column0>
</ListItems><ListItems>
<Column0>53393148563</Column0>
</ListItems><ListItems>
<Column0>53387707440</Column0>
</ListItems><ListItems>
<Column0>54189671339</Column0>
</ListItems><ListItems>
<Column0>53388223579</Column0>
</ListItems><ListItems>
<Column0>53391055356</Column0>
</ListItems><ListItems>
<Column0>54036618210</Column0>
</ListItems><ListItems>
<Column0>53386903909</Column0>
</ListItems><ListItems>
<Column0>54038169196</Column0>
</ListItems><ListItems>
<Column0>54189894899</Column0>
</ListItems><ListItems>
<Column0>53389169987</Column0>
</ListItems><ListItems>
<Column0>53389831834</Column0>
</ListItems><ListItems>
<Column0>53390411154</Column0>
</ListItems><ListItems>
<Column0>53390659521</Column0>
</ListItems><ListItems>
<Column0>54028796800</Column0>
</ListItems><ListItems>
<Column0>54034808722</Column0>
</ListItems><ListItems>
<Column0>53388037334</Column0>
</ListItems><ListItems>
<Column0>54038004922</Column0>
</ListItems><ListItems>
<Column0>53390514338</Column0>
</ListItems><ListItems>
<Column0>54187219941</Column0>
</ListItems><ListItems>
<Column0>53393053961</Column0>
</ListItems><ListItems>
<Column0>54186217599</Column0>
</ListItems><ListItems>
<Column0>53390021052</Column0>
</ListItems><ListItems>
<Column0>53391528253</Column0>
</ListItems><ListItems>
<Column0>54035767943</Column0>
</ListItems><ListItems>
<Column0>53388024456</Column0>
</ListItems><ListItems>
<Column0>54035703070</Column0>
</ListItems><ListItems>
<Column0>54034923455</Column0>
</ListItems><ListItems>
<Column0>54041258580</Column0>
</ListItems><ListItems>
<Column0>54035601134</Column0>
</ListItems><ListItems>
<Column0>54028778642</Column0>
</ListItems><ListItems>
<Column0>54010822960</Column0>
</ListItems><ListItems>
<Column0>54187008757</Column0>
</ListItems><ListItems>
<Column0>53390064698</Column0>
</ListItems><ListItems>
<Column0>54186090764</Column0>
</ListItems><ListItems>
<Column0>54186202278</Column0>
</ListItems><ListItems>
<Column0>54039400871</Column0>
</ListItems><ListItems>
<Column0>54188644931</Column0>
</ListItems><ListItems>
<Column0>53393793137</Column0>
</ListItems><ListItems>
<Column0>53391117230</Column0>
</ListItems><ListItems>
<Column0>54027957676</Column0>
</ListItems><ListItems>
<Column0>53389698522</Column0>
</ListItems><ListItems>
<Column0>54010778345</Column0>
</ListItems><ListItems>
<Column0>54026882123</Column0>
</ListItems><ListItems>
<Column0>53391545612</Column0>
</ListItems><ListItems>
<Column0>54039611485</Column0>
</ListItems><ListItems>
<Column0>54038188345</Column0>
</ListItems><ListItems>
<Column0>54028066683</Column0>
</ListItems><ListItems>
<Column0>54036654421</Column0>
</ListItems><ListItems>
<Column0>54040391010</Column0>
</ListItems><ListItems>
<Column0>53393160642</Column0>
</ListItems><ListItems>
<Column0>53391249694</Column0>
</ListItems><ListItems>
<Column0>53391301776</Column0>
</ListItems><ListItems>
<Column0>53388193137</Column0>
</ListItems><ListItems>
<Column0>53388163403</Column0>
</ListItems><ListItems>
<Column0>53391420931</Column0>
</ListItems><ListItems>
<Column0>54039231615</Column0>
</ListItems><ListItems>
<Column0>54026854973</Column0>
</ListItems><ListItems>
<Column0>54038397706</Column0>
</ListItems><ListItems>
<Column0>53388980434</Column0>
</ListItems><ListItems>
<Column0>54027074357</Column0>
</ListItems><ListItems>
<Column0>53391327938</Column0>
</ListItems><ListItems>
<Column0>53389411215</Column0>
</ListItems><ListItems>
<Column0>54037949655</Column0>
</ListItems><ListItems>
<Column0>54187539264</Column0>
</ListItems><ListItems>
<Column0>53391339339</Column0>
</ListItems><ListItems>
<Column0>53390788502</Column0>
</ListItems><ListItems>
<Column0>54027832358</Column0>
</ListItems><ListItems>
<Column0>54188376351</Column0>
</ListItems><ListItems>
<Column0>53386572399</Column0>
</ListItems><ListItems>
<Column0>53390097029</Column0>
</ListItems><ListItems>
<Column0>54037626204</Column0>
</ListItems><ListItems>
<Column0>53389947796</Column0>
</ListItems><ListItems>
<Column0>54026029451</Column0>
</ListItems><ListItems>
<Column0>54039885956</Column0>
</ListItems><ListItems>
<Column0>53389720961</Column0>
</ListItems><ListItems>
<Column0>53386413370</Column0>
</ListItems><ListItems>
<Column0>53390691789</Column0>
</ListItems><ListItems>
<Column0>54034965423</Column0>
</ListItems><ListItems>
<Column0>54036693379</Column0>
</ListItems><ListItems>
<Column0>54040815414</Column0>
</ListItems><ListItems>
<Column0>53393099139</Column0>
</ListItems><ListItems>
<Column0>54028532619</Column0>
</ListItems><ListItems>
<Column0>53390454949</Column0>
</ListItems><ListItems>
<Column0>53386472194</Column0>
</ListItems><ListItems>
<Column0>54041564524</Column0>
</ListItems><ListItems>
<Column0>53390004942</Column0>
</ListItems><ListItems>
<Column0>53386326184</Column0>
</ListItems><ListItems>
<Column0>54038232390</Column0>
</ListItems><ListItems>
<Column0>53386636913</Column0>
</ListItems><ListItems>
<Column0>54037886931</Column0>
</ListItems><ListItems>
<Column0>54040738764</Column0>
</ListItems><ListItems>
<Column0>54037563142</Column0>
</ListItems><ListItems>
<Column0>53386699101</Column0>
</ListItems><ListItems>
<Column0>53389626259</Column0>
</ListItems><ListItems>
<Column0>54028036546</Column0>
</ListItems><ListItems>
<Column0>54010920004</Column0>
</ListItems><ListItems>
<Column0>54037605851</Column0>
</ListItems><ListItems>
<Column0>54028898515</Column0>
</ListItems><ListItems>
<Column0>53390967189</Column0>
</ListItems><ListItems>
<Column0>54040718188</Column0>
</ListItems><ListItems>
<Column0>53388592593</Column0>
</ListItems><ListItems>
<Column0>54190854353</Column0>
</ListItems><ListItems>
<Column0>54027178299</Column0>
</ListItems><ListItems>
<Column0>54187387763</Column0>
</ListItems><ListItems>
<Column0>53389654053</Column0>
</ListItems><ListItems>
<Column0>53393717508</Column0>
</ListItems><ListItems>
<Column0>53387996472</Column0>
</ListItems><ListItems>
<Column0>54027686697</Column0>
</ListItems><ListItems>
<Column0>53390569183</Column0>
</ListItems><ListItems>
<Column0>54034974995</Column0>
</ListItems><ListItems>
<Column0>54040879519</Column0>
</ListItems><ListItems>
<Column0>54040289180</Column0>
</ListItems><ListItems>
<Column0>53387182073</Column0>
</ListItems><ListItems>
<Column0>54027653739</Column0>
</ListItems><ListItems>
<Column0>53388954991</Column0>
</ListItems><ListItems>
<Column0>54190014743</Column0>
</ListItems><ListItems>
<Column0>54187628208</Column0>
</ListItems><ListItems>
<Column0>54038566649</Column0>
</ListItems><ListItems>
<Column0>53393596563</Column0>
</ListItems><ListItems>
<Column0>54038680473</Column0>
</ListItems><ListItems>
<Column0>54010551981</Column0>
</ListItems><ListItems>
<Column0>54039245474</Column0>
</ListItems><ListItems>
<Column0>53389943688</Column0>
</ListItems><ListItems>
<Column0>53388518317</Column0>
</ListItems><ListItems>
<Column0>53393619449</Column0>
</ListItems><ListItems>
<Column0>54188322694</Column0>
</ListItems><ListItems>
<Column0>54036905435</Column0>
</ListItems><ListItems>
<Column0>53390331220</Column0>
</ListItems><ListItems>
<Column0>53389107011</Column0>
</ListItems><ListItems>
<Column0>53387957987</Column0>
</ListItems><ListItems>
<Column0>54038806011</Column0>
</ListItems><ListItems>
<Column0>54037928469</Column0>
</ListItems><ListItems>
<Column0>54010360680</Column0>
</ListItems><ListItems>
<Column0>54189365585</Column0>
</ListItems><ListItems>
<Column0>54039709669</Column0>
</ListItems><ListItems>
<Column0>54038482557</Column0>
</ListItems><ListItems>
<Column0>53388311655</Column0>
</ListItems><ListItems>
<Column0>54039313330</Column0>
</ListItems><ListItems>
<Column0>54039144305</Column0>
</ListItems><ListItems>
<Column0>53390876810</Column0>
</ListItems><ListItems>
<Column0>53387134355</Column0>
</ListItems><ListItems>
<Column0>53390714565</Column0>
</ListItems><ListItems>
<Column0>53388326372</Column0>
</ListItems><ListItems>
<Column0>54186412489</Column0>
</ListItems><ListItems>
<Column0>53388207002</Column0>
</ListItems><ListItems>
<Column0>53388880162</Column0>
</ListItems><ListItems>
<Column0>53388610114</Column0>
</ListItems><ListItems>
<Column0>53387080038</Column0>
</ListItems><ListItems>
<Column0>54035889895</Column0>
</ListItems><ListItems>
<Column0>54035931242</Column0>
</ListItems><ListItems>
<Column0>54040175504</Column0>
</ListItems><ListItems>
<Column0>54028277744</Column0>
</ListItems><ListItems>
<Column0>53390678802</Column0>
</ListItems><ListItems>
<Column0>53386605520</Column0>
</ListItems><ListItems>
<Column0>53389695833</Column0>
</ListItems><ListItems>
<Column0>53390806239</Column0>
</ListItems><ListItems>
<Column0>53387873994</Column0>
</ListItems><ListItems>
<Column0>54040058437</Column0>
</ListItems><ListItems>
<Column0>53388994450</Column0>
</ListItems><ListItems>
<Column0>53386706245</Column0>
</ListItems><ListItems>
<Column0>53387980757</Column0>
</ListItems><ListItems>
<Column0>54190199494</Column0>
</ListItems><ListItems>
<Column0>54186287295</Column0>
</ListItems><ListItems>
<Column0>54191059598</Column0>
</ListItems><ListItems>
<Column0>53389195040</Column0>
</ListItems><ListItems>
<Column0>53389774596</Column0>
</ListItems><ListItems>
<Column0>53388413741</Column0>
</ListItems><ListItems>
<Column0>53388175316</Column0>
</ListItems><ListItems>
<Column0>53391013736</Column0>
</ListItems><ListItems>
<Column0>53389855155</Column0>
</ListItems><ListItems>
<Column0>54187953663</Column0>
</ListItems><ListItems>
<Column0>53387045460</Column0>
</ListItems><ListItems>
<Column0>53387641011</Column0>
</ListItems><ListItems>
<Column0>54025931202</Column0>
</ListItems><ListItems>
<Column0>53391514691</Column0>
</ListItems><ListItems>
<Column0>54040380179</Column0>
</ListItems><ListItems>
<Column0>54027046314</Column0>
</ListItems><ListItems>
<Column0>54189774372</Column0>
</ListItems><ListItems>
<Column0>54028806476</Column0>
</ListItems><ListItems>
<Column0>54028044219</Column0>
</ListItems><ListItems>
<Column0>54187643090</Column0>
</ListItems><ListItems>
<Column0>54025866945</Column0>
</ListItems><ListItems>
<Column0>54040480482</Column0>
</ListItems><ListItems>
<Column0>53387774721</Column0>
</ListItems><ListItems>
<Column0>54190305323</Column0>
</ListItems><ListItems>
<Column0>53390703212</Column0>
</ListItems><ListItems>
<Column0>54038834872</Column0>
</ListItems><ListItems>
<Column0>54190412418</Column0>
</ListItems><ListItems>
<Column0>54187173932</Column0>
</ListItems><ListItems>
<Column0>54189316281</Column0>
</ListItems><ListItems>
<Column0>54039460297</Column0>
</ListItems><ListItems>
<Column0>53393709687</Column0>
</ListItems><ListItems>
<Column0>53388357955</Column0>
</ListItems><ListItems>
<Column0>54011190383</Column0>
</ListItems><ListItems>
<Column0>54041161198</Column0>
</ListItems><ListItems>
<Column0>54026257086</Column0>
</ListItems><ListItems>
<Column0>54040112812</Column0>
</ListItems><ListItems>
<Column0>54188256686</Column0>
</ListItems><ListItems>
<Column0>54026430220</Column0>
</ListItems><ListItems>
<Column0>54010592233</Column0>
</ListItems><ListItems>
<Column0>53391174595</Column0>
</ListItems><ListItems>
<Column0>54038508518</Column0>
</ListItems><ListItems>
<Column0>53389315077</Column0>
</ListItems><ListItems>
<Column0>53391587838</Column0>
</ListItems><ListItems>
<Column0>54027806147</Column0>
</ListItems><ListItems>
<Column0>54039725210</Column0>
</ListItems><ListItems>
<Column0>54011170708</Column0>
</ListItems><ListItems>
<Column0>53389451328</Column0>
</ListItems><ListItems>
<Column0>53390356797</Column0>
</ListItems><ListItems>
<Column0>53393275820</Column0>
</ListItems><ListItems>
<Column0>54039259822</Column0>
</ListItems><ListItems>
<Column0>53387034969</Column0>
</ListItems><ListItems>
<Column0>53387421729</Column0>
</ListItems><ListItems>
<Column0>54190795820</Column0>
</ListItems><ListItems>
<Column0>54186938632</Column0>
</ListItems><ListItems>
<Column0>54010846894</Column0>
</ListItems><ListItems>
<Column0>54026864642</Column0>
</ListItems><ListItems>
<Column0>53389127175</Column0>
</ListItems><ListItems>
<Column0>53386541436</Column0>
</ListItems><ListItems>
<Column0>53391022208</Column0>
</ListItems><ListItems>
<Column0>54037368013</Column0>
</ListItems><ListItems>
<Column0>54040072560</Column0>
</ListItems><ListItems>
<Column0>54037471783</Column0>
</ListItems><ListItems>
<Column0>54034835477</Column0>
</ListItems><ListItems>
<Column0>54028344437</Column0>
</ListItems><ListItems>
<Column0>54189480640</Column0>
</ListItems><ListItems>
<Column0>54186004948</Column0>
</ListItems><ListItems>
<Column0>53386699408</Column0>
</ListItems><ListItems>
<Column0>54187672800</Column0>
</ListItems><ListItems>
<Column0>54187768970</Column0>
</ListItems><ListItems>
<Column0>53389114405</Column0>
</ListItems><ListItems>
<Column0>54186800741</Column0>
</ListItems><ListItems>
<Column0>54027540274</Column0>
</ListItems><ListItems>
<Column0>53387488454</Column0>
</ListItems><ListItems>
<Column0>54040370113</Column0>
</ListItems><ListItems>
<Column0>54034866845</Column0>
</ListItems><ListItems>
<Column0>53393588917</Column0>
</ListItems><ListItems>
<Column0>53390216330</Column0>
</ListItems><ListItems>
<Column0>53393828602</Column0>
</ListItems><ListItems>
<Column0>54037097646</Column0>
</ListItems><ListItems>
<Column0>54189166942</Column0>
</ListItems><ListItems>
<Column0>54190912284</Column0>
</ListItems><ListItems>
<Column0>53386717499</Column0>
</ListItems><ListItems>
<Column0>54186848377</Column0>
</ListItems><ListItems>
<Column0>54038377203</Column0>
</ListItems><ListItems>
<Column0>54039328262</Column0>
</ListItems><ListItems>
<Column0>53387879470</Column0>
</ListItems><ListItems>
<Column0>53390697455</Column0>
</ListItems><ListItems>
<Column0>54189189514</Column0>
</ListItems><ListItems>
<Column0>54028135744</Column0>
</ListItems><ListItems>
<Column0>53390802741</Column0>
</ListItems><ListItems>
<Column0>54027900650</Column0>
</ListItems><ListItems>
<Column0>54027774139</Column0>
</ListItems><ListItems>
<Column0>54039172355</Column0>
</ListItems><ListItems>
<Column0>54187110371</Column0>
</ListItems><ListItems>
<Column0>54189509596</Column0>
</ListItems><ListItems>
<Column0>54037136790</Column0>
</ListItems><ListItems>
<Column0>53389288878</Column0>
</ListItems><ListItems>
<Column0>54041373132</Column0>
</ListItems><ListItems>
<Column0>54039499576</Column0>
</ListItems><ListItems>
<Column0>53391131793</Column0>
</ListItems><ListItems>
<Column0>54038623804</Column0>
</ListItems><ListItems>
<Column0>54034882404</Column0>
</ListItems><ListItems>
<Column0>53388063322</Column0>
</ListItems><ListItems>
<Column0>54039833949</Column0>
</ListItems><ListItems>
<Column0>53386369374</Column0>
</ListItems><ListItems>
<Column0>54010989033</Column0>
</ListItems><ListItems>
<Column0>54185936900</Column0>
</ListItems><ListItems>
<Column0>54028869987</Column0>
</ListItems><ListItems>
<Column0>53388487539</Column0>
</ListItems><ListItems>
<Column0>53389732958</Column0>
</ListItems><ListItems>
<Column0>53389093625</Column0>
</ListItems><ListItems>
<Column0>53387934978</Column0>
</ListItems><ListItems>
<Column0>54186636632</Column0>
</ListItems><ListItems>
<Column0>54037158919</Column0>
</ListItems><ListItems>
<Column0>54189575746</Column0>
</ListItems><ListItems>
<Column0>54189630285</Column0>
</ListItems><ListItems>
<Column0>54187574915</Column0>
</ListItems><ListItems>
<Column0>54190048998</Column0>
</ListItems><ListItems>
<Column0>54190346350</Column0>
</ListItems><ListItems>
<Column0>54187434912</Column0>
</ListItems><ListItems>
<Column0>54188543984</Column0>
</ListItems><ListItems>
<Column0>53387755381</Column0>
</ListItems><ListItems>
<Column0>54011201255</Column0>
</ListItems><ListItems>
<Column0>53386730757</Column0>
</ListItems><ListItems>
<Column0>54190496841</Column0>
</ListItems><ListItems>
<Column0>54191006854</Column0>
</ListItems><ListItems>
<Column0>54035584355</Column0>
</ListItems><ListItems>
<Column0>54028221478</Column0>
</ListItems><ListItems>
<Column0>53391352225</Column0>
</ListItems><ListItems>
<Column0>54036802632</Column0>
</ListItems><ListItems>
<Column0>54036972542</Column0>
</ListItems><ListItems>
<Column0>54035061263</Column0>
</ListItems><ListItems>
<Column0>54028451893</Column0>
</ListItems><ListItems>
<Column0>53388845256</Column0>
</ListItems><ListItems>
<Column0>53391417200</Column0>
</ListItems><ListItems>
<Column0>53388297672</Column0>
</ListItems><ListItems>
<Column0>54190513504</Column0>
</ListItems><ListItems>
<Column0>54034944337</Column0>
</ListItems><ListItems>
<Column0>54187273039</Column0>
</ListItems><ListItems>
<Column0>54039366544</Column0>
</ListItems><ListItems>
<Column0>54041405983</Column0>
</ListItems><ListItems>
<Column0>53388622770</Column0>
</ListItems><ListItems>
<Column0>54187501843</Column0>
</ListItems><ListItems>
<Column0>54037786149</Column0>
</ListItems><ListItems>
<Column0>53386961618</Column0>
</ListItems><ListItems>
<Column0>54026832748</Column0>
</ListItems><ListItems>
<Column0>53386384688</Column0>
</ListItems><ListItems>
<Column0>53386816739</Column0>
</ListItems><ListItems>
<Column0>53388561200</Column0>
</ListItems><ListItems>
<Column0>54010862552</Column0>
</ListItems><ListItems>
<Column0>53387725582</Column0>
</ListItems><ListItems>
<Column0>54036635693</Column0>
</ListItems><ListItems>
<Column0>54038700123</Column0>
</ListItems><ListItems>
<Column0>54028585955</Column0>
</ListItems><ListItems>
<Column0>54187202368</Column0>
</ListItems><ListItems>
<Column0>54036734660</Column0>
</ListItems><ListItems>
<Column0>53386394091</Column0>
</ListItems><ListItems>
<Column0>54189540724</Column0>
</ListItems><ListItems>
<Column0>54036717590</Column0>
</ListItems><ListItems>
<Column0>54190763406</Column0>
</ListItems><ListItems>
<Column0>54188275835</Column0>
</ListItems><ListItems>
<Column0>54189053348</Column0>
</ListItems><ListItems>
<Column0>54034847977</Column0>
</ListItems><ListItems>
<Column0>53386959273</Column0>
</ListItems><ListItems>
<Column0>54038024227</Column0>
</ListItems><ListItems>
<Column0>53386305758</Column0>
</ListItems><ListItems>
<Column0>54188594417</Column0>
</ListItems><ListItems>
<Column0>54189559930</Column0>
</ListItems><ListItems>
<Column0>54188182775</Column0>
</ListItems><ListItems>
<Column0>53390941689</Column0>
</ListItems><ListItems>
<Column0>53391479523</Column0>
</ListItems><ListItems>
<Column0>53388221326</Column0>
</ListItems><ListItems>
<Column0>54189028647</Column0>
</ListItems><ListItems>
<Column0>54034879616</Column0>
</ListItems><ListItems>
<Column0>54187367732</Column0>
</ListItems><ListItems>
<Column0>54038647753</Column0>
</ListItems><ListItems>
<Column0>54039517724</Column0>
</ListItems><ListItems>
<Column0>54187243826</Column0>
</ListItems><ListItems>
<Column0>53390922861</Column0>
</ListItems><ListItems>
<Column0>54028697230</Column0>
</ListItems><ListItems>
<Column0>54186667876</Column0>
</ListItems><ListItems>
<Column0>54037237259</Column0>
</ListItems><ListItems>
<Column0>53389259895</Column0>
</ListItems><ListItems>
<Column0>54041458073</Column0>
</ListItems><ListItems>
<Column0>54190152667</Column0>
</ListItems><ListItems>
<Column0>53393622526</Column0>
</ListItems><ListItems>
<Column0>54190176369</Column0>
</ListItems><ListItems>
<Column0>54189074146</Column0>
</ListItems><ListItems>
<Column0>54028572193</Column0>
</ListItems><ListItems>
<Column0>54039880312</Column0>
</ListItems><ListItems>
<Column0>54034860699</Column0>
</ListItems><ListItems>
<Column0>53393511703</Column0>
</ListItems><ListItems>
<Column0>53388822008</Column0>
</ListItems><ListItems>
<Column0>53388775982</Column0>
</ListItems><ListItems>
<Column0>54035354437</Column0>
</ListItems><ListItems>
<Column0>54026464708</Column0>
</ListItems><ListItems>
<Column0>54037646806</Column0>
</ListItems><ListItems>
<Column0>54028761044</Column0>
</ListItems><ListItems>
<Column0>54036883947</Column0>
</ListItems><ListItems>
<Column0>54011157374</Column0>
</ListItems><ListItems>
<Column0>54190871498</Column0>
</ListItems><ListItems>
<Column0>53388099086</Column0>
</ListItems><ListItems>
<Column0>54186428527</Column0>
</ListItems><ListItems>
<Column0>54010793831</Column0>
</ListItems><ListItems>
<Column0>54010816665</Column0>
</ListItems><ListItems>
<Column0>53387801391</Column0>
</ListItems><ListItems>
<Column0>53386846793</Column0>
</ListItems><ListItems>
<Column0>53390840725</Column0>
</ListItems><ListItems>
<Column0>53389597765</Column0>
</ListItems><ListItems>
<Column0>53389610212</Column0>
</ListItems><ListItems>
<Column0>53386968522</Column0>
</ListItems><ListItems>
<Column0>54186831050</Column0>
</ListItems><ListItems>
<Column0>54029054449</Column0>
</ListItems><ListItems>
<Column0>54026191012</Column0>
</ListItems><ListItems>
<Column0>53387969032</Column0>
</ListItems><ListItems>
<Column0>53388655333</Column0>
</ListItems><ListItems>
<Column0>54025785103</Column0>
</ListItems><ListItems>
<Column0>54040041805</Column0>
</ListItems><ListItems>
<Column0>54036932124</Column0>
</ListItems><ListItems>
<Column0>53387285116</Column0>
</ListItems><ListItems>
<Column0>54188080094</Column0>
</ListItems><ListItems>
<Column0>53390765989</Column0>
</ListItems><ListItems>
<Column0>53386429715</Column0>
</ListItems><ListItems>
<Column0>53389787572</Column0>
</ListItems><ListItems>
<Column0>54186551872</Column0>
</ListItems><ListItems>
<Column0>54028616461</Column0>
</ListItems><ListItems>
<Column0>53393404412</Column0>
</ListItems><ListItems>
<Column0>53388386632</Column0>
</ListItems><ListItems>
<Column0>54027938569</Column0>
</ListItems><ListItems>
<Column0>53391669875</Column0>
</ListItems><ListItems>
<Column0>53389219238</Column0>
</ListItems><ListItems>
<Column0>53390359924</Column0>
</ListItems><ListItems>
<Column0>53390843778</Column0>
</ListItems><ListItems>
<Column0>53389386011</Column0>
</ListItems><ListItems>
<Column0>54040901784</Column0>
</ListItems><ListItems>
<Column0>53389182931</Column0>
</ListItems><ListItems>
<Column0>54040926369</Column0>
</ListItems><ListItems>
<Column0>53393232987</Column0>
</ListItems><ListItems>
<Column0>53390927639</Column0>
</ListItems><ListItems>
<Column0>53387444010</Column0>
</ListItems><ListItems>
<Column0>54187190993</Column0>
</ListItems><ListItems>
<Column0>53390370863</Column0>
</ListItems><ListItems>
<Column0>53388587171</Column0>
</ListItems><ListItems>
<Column0>54041226850</Column0>
</ListItems><ListItems>
<Column0>54034969433</Column0>
</ListItems><ListItems>
<Column0>53389760553</Column0>
</ListItems><ListItems>
<Column0>54189436972</Column0>
</ListItems><ListItems>
<Column0>53391255147</Column0>
</ListItems><ListItems>
<Column0>53390083979</Column0>
</ListItems><ListItems>
<Column0>54037274492</Column0>
</ListItems><ListItems>
<Column0>54010892864</Column0>
</ListItems><ListItems>
<Column0>53387552655</Column0>
</ListItems><ListItems>
<Column0>54027026324</Column0>
</ListItems><ListItems>
<Column0>53389841114</Column0>
</ListItems><ListItems>
<Column0>53387260895</Column0>
</ListItems><ListItems>
<Column0>54026676368</Column0>
</ListItems><ListItems>
<Column0>54037350367</Column0>
</ListItems><ListItems>
<Column0>53387297038</Column0>
</ListItems><ListItems>
<Column0>54028975610</Column0>
</ListItems><ListItems>
<Column0>54188236274</Column0>
</ListItems><ListItems>
<Column0>54035781761</Column0>
</ListItems><ListItems>
<Column0>54037256283</Column0>
</ListItems></LDMOLNUMB>
