﻿<LINTENT3>
<ListItems>
<Column0>02#</Column0>
<Column1>Status of Application</Column1>
</ListItems><ListItems>
<Column0>8005988791</Column0>
<Column1>Apply for a Business Card</Column1>
</ListItems><ListItems>
<Column0>8004417048</Column0>
<Column1>Apply for a different MBNA product</Column1>
</ListItems><ListItems>
<Column0>8888006375</Column0>
<Column1>Balance Transfer</Column1>
</ListItems><ListItems>
<Column0>8008336262</Column0>
<Column1>Relay Call</Column1>
</ListItems><ListItems>
<Column0>8883525377</Column0>
<Column1>Consumer Finance</Column1>
</ListItems><ListItems>
<Column0>8888006375X</Column0>
<Column1>Activate Card</Column1>
</ListItems><ListItems>
<Column0>8004716921</Column0>
<Column1>Change Contract Rate</Column1>
</ListItems><ListItems>
<Column0>8003362974</Column0>
<Column1>Close Account</Column1>
</ListItems><ListItems>
<Column0>XXXXXXXXXX</Column0>
<Column1>Other</Column1>
</ListItems></LINTENT3>
