﻿<LINVALIDVALUES>
<ListItems>
<Column0>0000</Column0>
</ListItems><ListItems>
<Column0>1111</Column0>
</ListItems><ListItems>
<Column0>2222</Column0>
</ListItems><ListItems>
<Column0>3333</Column0>
</ListItems><ListItems>
<Column0>4444</Column0>
</ListItems><ListItems>
<Column0>5555</Column0>
</ListItems><ListItems>
<Column0>6666</Column0>
</ListItems><ListItems>
<Column0>7777</Column0>
</ListItems><ListItems>
<Column0>8888</Column0>
</ListItems><ListItems>
<Column0>9999</Column0>
</ListItems><ListItems>
<Column0>aaaa</Column0>
</ListItems><ListItems>
<Column0>AAAA</Column0>
</ListItems><ListItems>
<Column0>bbbb</Column0>
</ListItems><ListItems>
<Column0>BBBB</Column0>
</ListItems><ListItems>
<Column0>cccc</Column0>
</ListItems><ListItems>
<Column0>CCCC</Column0>
</ListItems><ListItems>
<Column0>dddd</Column0>
</ListItems><ListItems>
<Column0>DDDD</Column0>
</ListItems><ListItems>
<Column0>eeee</Column0>
</ListItems><ListItems>
<Column0>EEEE</Column0>
</ListItems><ListItems>
<Column0>ffff</Column0>
</ListItems><ListItems>
<Column0>FFFF</Column0>
</ListItems><ListItems>
<Column0>gggg</Column0>
</ListItems><ListItems>
<Column0>GGGG</Column0>
</ListItems><ListItems>
<Column0>hhhh</Column0>
</ListItems><ListItems>
<Column0>HHHH</Column0>
</ListItems><ListItems>
<Column0>iiii</Column0>
</ListItems><ListItems>
<Column0>IIII</Column0>
</ListItems><ListItems>
<Column0>jjjj</Column0>
</ListItems><ListItems>
<Column0>JJJJ</Column0>
</ListItems><ListItems>
<Column0>kkkk</Column0>
</ListItems><ListItems>
<Column0>KKKK</Column0>
</ListItems><ListItems>
<Column0>llll</Column0>
</ListItems><ListItems>
<Column0>LLLL</Column0>
</ListItems><ListItems>
<Column0>mmmm</Column0>
</ListItems><ListItems>
<Column0>MMMM</Column0>
</ListItems><ListItems>
<Column0>nnnn</Column0>
</ListItems><ListItems>
<Column0>NNNN</Column0>
</ListItems><ListItems>
<Column0>oooo</Column0>
</ListItems><ListItems>
<Column0>OOOO</Column0>
</ListItems><ListItems>
<Column0>pppp</Column0>
</ListItems><ListItems>
<Column0>PPPP</Column0>
</ListItems><ListItems>
<Column0>qqqq</Column0>
</ListItems><ListItems>
<Column0>QQQQ</Column0>
</ListItems><ListItems>
<Column0>rrrr</Column0>
</ListItems><ListItems>
<Column0>RRRR</Column0>
</ListItems><ListItems>
<Column0>ssss</Column0>
</ListItems><ListItems>
<Column0>SSSS</Column0>
</ListItems><ListItems>
<Column0>tttt</Column0>
</ListItems><ListItems>
<Column0>TTTT</Column0>
</ListItems><ListItems>
<Column0>uuuu</Column0>
</ListItems><ListItems>
<Column0>UUUU</Column0>
</ListItems><ListItems>
<Column0>vvvv</Column0>
</ListItems><ListItems>
<Column0>VVVV</Column0>
</ListItems><ListItems>
<Column0>wwww</Column0>
</ListItems><ListItems>
<Column0>WWWW</Column0>
</ListItems><ListItems>
<Column0>xxxx</Column0>
</ListItems><ListItems>
<Column0>XXXX</Column0>
</ListItems><ListItems>
<Column0>yyyy</Column0>
</ListItems><ListItems>
<Column0>YYYY</Column0>
</ListItems><ListItems>
<Column0>zzzz</Column0>
</ListItems><ListItems>
<Column0>ZZZZ</Column0>
</ListItems></LINVALIDVALUES>
