﻿<lOccCodes>
<ListItems>
     <Column0>21-Retired</Column0>
     <Column1>21</Column1>
     <Column2>B</Column2>
     <Column3>0</Column3>

</ListItems><ListItems>
     <Column0>60-Non-Profit Business Owner</Column0>
     <Column1>60</Column1>
     <Column2>C</Column2>
     <Column3>0</Column3>

</ListItems><ListItems>
     <Column0>61-Farmer Rancher</Column0>
     <Column1>61</Column1>
     <Column2>C</Column2>
     <Column3>0</Column3>

</ListItems><ListItems>
     <Column0>62-Retail Business owner</Column0>
     <Column1>62</Column1>
     <Column2>C</Column2>
     <Column3>0</Column3>

</ListItems><ListItems>
     <Column0>63-Consultant/Professional Business Owner</Column0>
     <Column1>63</Column1>
     <Column2>C</Column2>
     <Column3>0</Column3>

</ListItems><ListItems>
     <Column0>65-Actor/Musician/Artist</Column0>
     <Column1>65</Column1>
     <Column2>C</Column2>
     <Column3>0</Column3>

</ListItems><ListItems>
     <Column0>66-Mechanic/Skilled Trade Owner</Column0>
     <Column1>66</Column1>
     <Column2>C</Column2>
     <Column3>0</Column3>

</ListItems><ListItems>
     <Column0>67-Self-Employed/Other</Column0>
     <Column1>67</Column1>
     <Column2>C</Column2>
     <Column3>0</Column3>

</ListItems><ListItems>
     <Column0>20-College Freshman</Column0>
     <Column1>20</Column1>
     <Column2>D</Column2>
     <Column3>0</Column3>

</ListItems><ListItems>
     <Column0>21-College Sophomore</Column0>
     <Column1>21</Column1>
     <Column2>D</Column2>
     <Column3>0</Column3>

</ListItems><ListItems>
     <Column0>22-College Junior</Column0>
     <Column1>22</Column1>
     <Column2>D</Column2>
     <Column3>0</Column3>

</ListItems><ListItems>
     <Column0>23-College Senior</Column0>
     <Column1>23</Column1>
     <Column2>D</Column2>
     <Column3>0</Column3>

</ListItems><ListItems>
     <Column0>24-Gradute Student</Column0>
     <Column1>24</Column1>
     <Column2>D</Column2>
     <Column3>0</Column3>

</ListItems><ListItems>
     <Column0>25-Student Other</Column0>
     <Column1>25</Column1>
     <Column2>D</Column2>
     <Column3>0</Column3>

</ListItems><ListItems>
     <Column0>26-Trade School Student</Column0>
     <Column1>26</Column1>
     <Column2>D</Column2>
     <Column3>0</Column3>

</ListItems><ListItems>
     <Column0>27-Non Traditional Student</Column0>
     <Column1>27</Column1>
     <Column2>D</Column2>
     <Column3>0</Column3>

</ListItems><ListItems>
     <Column0>91-Homemaker</Column0>
     <Column1>91</Column1>
     <Column2>E</Column2>
     <Column3>0</Column3>

</ListItems><ListItems>
     <Column0>99-Unemployed</Column0>
     <Column1>99</Column1>
     <Column2>E</Column2>
     <Column3>0</Column3>

</ListItems><ListItems>
     <Column0>30-Teacher/Professor</Column0>
     <Column1>30</Column1>
     <Column2>F</Column2>
     <Column3>A</Column3>

</ListItems><ListItems>
     <Column0>31-School Administrator</Column0>
     <Column1>31</Column1>
     <Column2>F</Column2>
     <Column3>A</Column3>

</ListItems><ListItems>
     <Column0>39-School Counselor</Column0>
     <Column1>39</Column1>
     <Column2>F</Column2>
     <Column3>A</Column3>

</ListItems><ListItems>
     <Column0>40-Doctor/Intern/Resident</Column0>
     <Column1>40</Column1>
     <Column2>F</Column2>
     <Column3>B</Column3>

</ListItems><ListItems>
     <Column0>41-STUDENT Doctor</Column0>
     <Column1>41</Column1>
     <Column2>F</Column2>
     <Column3>B</Column3>

</ListItems><ListItems>
     <Column0>42-Dentist</Column0>
     <Column1>42</Column1>
     <Column2>F</Column2>
     <Column3>B</Column3>

</ListItems><ListItems>
     <Column0>43-STUDENT Dentist</Column0>
     <Column1>43</Column1>
     <Column2>F</Column2>
     <Column3>B</Column3>

</ListItems><ListItems>
     <Column0>44-Engineer</Column0>
     <Column1>44</Column1>
     <Column2>F</Column2>
     <Column3>B</Column3>

</ListItems><ListItems>
     <Column0>45-Lawyer/Judge</Column0>
     <Column1>45</Column1>
     <Column2>F</Column2>
     <Column3>B</Column3>

</ListItems><ListItems>
     <Column0>46-Law STUDENT</Column0>
     <Column1>46</Column1>
     <Column2>F</Column2>
     <Column3>B</Column3>

</ListItems><ListItems>
     <Column0>49-Peferred Professional Other</Column0>
     <Column1>49</Column1>
     <Column2>F</Column2>
     <Column3>B</Column3>

</ListItems><ListItems>
     <Column0>50-RN-Registered Nurse</Column0>
     <Column1>50</Column1>
     <Column2>F</Column2>
     <Column3>C</Column3>

</ListItems><ListItems>
     <Column0>51-Architect</Column0>
     <Column1>51</Column1>
     <Column2>F</Column2>
     <Column3>D</Column3>

</ListItems><ListItems>
     <Column0>52-Account (CPA)</Column0>
     <Column1>52</Column1>
     <Column2>F</Column2>
     <Column3>D</Column3>

</ListItems><ListItems>
     <Column0>53-Manager, CEO, VP</Column0>
     <Column2>53</Column2>
     <Column3>F</Column3>

</ListItems><ListItems>
     <Column0>54-Professional Sales</Column0>
     <Column1>54</Column1>
     <Column2>F</Column2>
     <Column3>D</Column3>

</ListItems><ListItems>
     <Column0>55-Airline Pilot</Column0>
     <Column1>55</Column1>
     <Column2>F</Column2>
     <Column3>D</Column3>

</ListItems><ListItems>
     <Column0>56-Social Worker</Column0>
     <Column1>56</Column1>
     <Column2>F</Column2>
     <Column3>D</Column3>

</ListItems><ListItems>
     <Column0>59-Programmer/Analyst/Other</Column0>
     <Column1>59</Column1>
     <Column2>F</Column2>
     <Column3>D</Column3>

</ListItems><ListItems>
     <Column0>70-Mechanic</Column0>
     <Column1>70</Column1>
     <Column2>F</Column2>
     <Column3>E</Column3>

</ListItems><ListItems>
     <Column0>72-LPN/Medic Tech</Column0>
     <Column1>72</Column1>
     <Column2>F</Column2>
     <Column3>E</Column3>

</ListItems><ListItems>
     <Column0>73-Police/Fireman</Column0>
     <Column1>73</Column1>
     <Column2>F</Column2>
     <Column3>E</Column3>

</ListItems><ListItems>
     <Column0>74-Clergy</Column0>
     <Column1>74</Column1>
     <Column2>F</Column2>
     <Column3>E</Column3>

</ListItems><ListItems>
     <Column0>79-Manager/Other Skilled Labor</Column0>
     <Column1>79</Column1>
     <Column2>F</Column2>
     <Column3>E</Column3>

</ListItems><ListItems>
     <Column0>80-Unskilled Labor</Column0>
     <Column1>80</Column1>
     <Column2>F</Column2>
     <Column3>F</Column3>

</ListItems><ListItems>
     <Column0>92-Military Enlisted</Column0>
     <Column1>92</Column1>
     <Column2>F</Column2>
     <Column3>G</Column3>

</ListItems><ListItems>
     <Column0>93-Military Officer</Column0>
     <Column1>93</Column1>
     <Column2>F</Column2>
     <Column3>G</Column3>

</ListItems><ListItems>
     <Column0>40-Military Doctor/Intern/Resident</Column0>
     <Column1>40</Column1>
     <Column2>F</Column2>
     <Column3>G</Column3>

</ListItems><ListItems>
     <Column0>42-Military Dentist</Column0>
     <Column1>42</Column1>
     <Column2>F</Column2>
     <Column3>G</Column3>

</ListItems><ListItems>
     <Column0>45-Military Lawyer/Judge</Column0>
     <Column1>45</Column1>
     <Column2>F</Column2>
     <Column3>G</Column3>

</ListItems><ListItems>
     <Column0>50-MilitaryRN-Registered Nurse</Column0>
     <Column1>50</Column1>
     <Column2>F</Column2>
     <Column3>G</Column3>

</ListItems></lOccCodes>
