﻿<lSecureCFManual>
<ListItems>
     <Column0>lCode8</Column0>
     <Column1>str</Column1>
     <Column2>8</Column2>

</ListItems><ListItems>
     <Column0>lMandM</Column0>
     <Column1>str</Column1>
     <Column2>3</Column2>

</ListItems><ListItems>
     <Column0>lDMOL</Column0>
     <Column1>str</Column1>
     <Column2>15</Column2>

</ListItems><ListItems>
     <Column0>lSourceCode2</Column0>
     <Column1>str</Column1>
     <Column2>6</Column2>

</ListItems><ListItems>
     <Column0>lSourceVerified</Column0>
     <Column1>str</Column1>
     <Column2>1</Column2>

</ListItems><ListItems>
     <Column0>lSELECT42</Column0>
     <Column1>str</Column1>
     <Column2>12</Column2>

</ListItems><ListItems>
     <Column0>lTerm</Column0>
     <Column1>str</Column1>
     <Column2>2</Column2>

</ListItems><ListItems>
     <Column0>lAmountCF</Column0>
     <Column1>num</Column1>
     <Column2>5</Column2>

</ListItems><ListItems>
     <Column0>lPurpose</Column0>
     <Column1>str</Column1>
     <Column2>16</Column2>

</ListItems><ListItems>
     <Column0>lmailFname</Column0>
     <Column1>str</Column1>
     <Column2>20</Column2>

</ListItems><ListItems>
     <Column0>lmailLname</Column0>
     <Column1>str</Column1>
     <Column2>20</Column2>

</ListItems><ListItems>
     <Column0>lmailZip</Column0>
     <Column1>str</Column1>
     <Column2>5</Column2>

</ListItems><ListItems>
     <Column0>lmailAdd1</Column0>
     <Column1>str</Column1>
     <Column2>30</Column2>

</ListItems><ListItems>
     <Column0>lmailAdd2</Column0>
     <Column1>str</Column1>
     <Column2>30</Column2>

</ListItems><ListItems>
     <Column0>lmailCity</Column0>
     <Column1>str</Column1>
     <Column2>30</Column2>

</ListItems><ListItems>
     <Column0>lmailState</Column0>
     <Column1>str</Column1>
     <Column2>2</Column2>

</ListItems><ListItems>
     <Column0>lYear2</Column0>
     <Column1>num</Column1>
     <Column2>2</Column2>

</ListItems><ListItems>
     <Column0>lPOBoxUsed</Column0>
     <Column1>str</Column1>
     <Column2>1</Column2>

</ListItems><ListItems>
     <Column0>lPhysicalZip</Column0>
     <Column1>str</Column1>
     <Column2>5</Column2>

</ListItems><ListItems>
     <Column0>lPhysicalAddress1</Column0>
     <Column1>str</Column1>
     <Column2>30</Column2>

</ListItems><ListItems>
     <Column0>lPhysicalAddress2</Column0>
     <Column1>str</Column1>
     <Column2>30</Column2>

</ListItems><ListItems>
     <Column0>lPhysicalCity</Column0>
     <Column1>str</Column1>
     <Column2>30</Column2>

</ListItems><ListItems>
     <Column0>lPhysicalState</Column0>
     <Column1>str</Column1>
     <Column2>2</Column2>

</ListItems><ListItems>
     <Column0>lYears6</Column0>
     <Column1>num</Column1>
     <Column2>2</Column2>

</ListItems><ListItems>
     <Column0>lHomePhone</Column0>
     <Column1>str</Column1>
     <Column2>10</Column2>

</ListItems><ListItems>
     <Column0>lWirelessRead</Column0>
     <Column1>str</Column1>
     <Column2>1</Column2>

</ListItems><ListItems>
     <Column0>lSELECT44</Column0>
     <Column1>str</Column1>
     <Column2>5</Column2>

</ListItems><ListItems>
     <Column0>lAmt4</Column0>
     <Column1>num</Column1>
     <Column2>5</Column2>

</ListItems><ListItems>
     <Column0>lPurchaseDay</Column0>
     <Column1>str</Column1>
     <Column2>7</Column2>

</ListItems><ListItems>
     <Column0>lPurchasePrice</Column0>
     <Column1>num</Column1>
     <Column2>7</Column2>

</ListItems><ListItems>
     <Column0>lFairMarketValue</Column0>
     <Column1>num</Column1>
     <Column2>7</Column2>

</ListItems><ListItems>
     <Column0>lDate3</Column0>
     <Column1>str</Column1>
     <Column2>8</Column2>

</ListItems><ListItems>
     <Column0>lRefusedBirth</Column0>
     <Column1>str</Column1>
     <Column2>1</Column2>

</ListItems><ListItems>
     <Column0>lSELECT49</Column0>
     <Column1>str</Column1>
     <Column2>1</Column2>

</ListItems><ListItems>
     <Column0>lManualOccupation</Column0>
     <Column1>str</Column1>
     <Column2>2</Column2>

</ListItems><ListItems>
     <Column0>lChkCity1</Column0>
     <Column1>str</Column1>
     <Column2>20</Column2>

</ListItems><ListItems>
     <Column0>lChkCity2</Column0>
     <Column1>str</Column1>
     <Column2>20</Column2>

</ListItems><ListItems>
     <Column0>lAnnualPensionAmt</Column0>
     <Column1>num</Column1>
     <Column2>6</Column2>

</ListItems><ListItems>
     <Column0>lPensionRefused</Column0>
     <Column1>str</Column1>
     <Column2>1</Column2>

</ListItems><ListItems>
     <Column0>lPensionFrequency</Column0>
     <Column1>str</Column1>
     <Column2>1</Column2>

</ListItems><ListItems>
     <Column0>lPensionYearsEmp</Column0>
     <Column1>num</Column1>
     <Column2>2</Column2>

</ListItems><ListItems>
     <Column0>lSELECT46</Column0>
     <Column1>str</Column1>
     <Column2>1</Column2>

</ListItems><ListItems>
     <Column0>lCode202</Column0>
     <Column1>str</Column1>
     <Column2>20</Column2>

</ListItems><ListItems>
     <Column0>lCode203</Column0>
     <Column1>str</Column1>
     <Column2>20</Column2>

</ListItems><ListItems>
     <Column0>lEmpPhone</Column0>
     <Column1>str</Column1>
     <Column2>10</Column2>

</ListItems><ListItems>
     <Column0>lYears3</Column0>
     <Column1>num</Column1>
     <Column2>2</Column2>

</ListItems><ListItems>
     <Column0>lCheckAmt1</Column0>
     <Column1>num</Column1>
     <Column2>6</Column2>

</ListItems><ListItems>
     <Column0>lEmpRefused</Column0>
     <Column1>str</Column1>
     <Column2>1</Column2>

</ListItems><ListItems>
     <Column0>lSELECT45</Column0>
     <Column1>str</Column1>
     <Column2>1</Column2>

</ListItems><ListItems>
     <Column0>lHours</Column0>
     <Column1>num</Column1>
     <Column2>2</Column2>

</ListItems><ListItems>
     <Column0>lCardName1</Column0>
     <Column1>str</Column1>
     <Column2>20</Column2>

</ListItems><ListItems>
     <Column0>lCardName2</Column0>
     <Column1>str</Column1>
     <Column2>20</Column2>

</ListItems><ListItems>
     <Column0>lSELECT47</Column0>
     <Column1>str</Column1>
     <Column2>1</Column2>

</ListItems><ListItems>
     <Column0>lSELECT48</Column0>
     <Column1>str</Column1>
     <Column2>1</Column2>

</ListItems><ListItems>
     <Column0>lGradDate</Column0>
     <Column1>str</Column1>
     <Column2>7</Column2>

</ListItems><ListItems>
     <Column0>lCardName4</Column0>
     <Column1>str</Column1>
     <Column2>20</Column2>

</ListItems><ListItems>
     <Column0>lPosition</Column0>
     <Column1>str</Column1>
     <Column2>20</Column2>

</ListItems><ListItems>
     <Column0>lCardName5</Column0>
     <Column1>str</Column1>
     <Column2>20</Column2>

</ListItems><ListItems>
     <Column0>lSELECT51</Column0>
     <Column1>str</Column1>
     <Column2>1</Column2>

</ListItems><ListItems>
     <Column0>lCheckAmt3</Column0>
     <Column1>num</Column1>
     <Column2>6</Column2>

</ListItems><ListItems>
     <Column0>lSELECT52</Column0>
     <Column1>str</Column1>
     <Column2>1</Column2>

</ListItems><ListItems>
     <Column0>lIncomeRefused</Column0>
     <Column1>str</Column1>
     <Column2>1</Column2>

</ListItems><ListItems>
     <Column0>lAnnualSalary</Column0>
     <Column1>num</Column1>
     <Column2>6</Column2>

</ListItems><ListItems>
     <Column0>lYears4</Column0>
     <Column1>num</Column1>
     <Column2>2</Column2>

</ListItems><ListItems>
     <Column0>lPhone4</Column0>
     <Column1>str</Column1>
     <Column2>10</Column2>

</ListItems><ListItems>
     <Column0>lOtherFreq</Column0>
     <Column1>str</Column1>
     <Column2>1</Column2>

</ListItems><ListItems>
     <Column0>lOtherHours</Column0>
     <Column1>num</Column1>
     <Column2>2</Column2>

</ListItems><ListItems>
     <Column0>lBACemployer</Column0>
     <Column1>str</Column1>
     <Column2>20</Column2>

</ListItems><ListItems>
     <Column0>lBACposition</Column0>
     <Column1>str</Column1>
     <Column2>20</Column2>

</ListItems><ListItems>
     <Column0>lBACjob</Column0>
     <Column1>str</Column1>
     <Column2>7</Column2>

</ListItems><ListItems>
     <Column0>lBACmanager</Column0>
     <Column1>str</Column1>
     <Column2>20</Column2>

</ListItems><ListItems>
     <Column0>lBACyears</Column0>
     <Column1>num</Column1>
     <Column2>2</Column2>

</ListItems><ListItems>
     <Column0>lBACphone</Column0>
     <Column1>str</Column1>
     <Column2>10</Column2>

</ListItems><ListItems>
     <Column0>lCheckAmt5</Column0>
     <Column1>num</Column1>
     <Column2>6</Column2>

</ListItems><ListItems>
     <Column0>lIncomeSource</Column0>
     <Column1>str</Column1>
     <Column2>20</Column2>

</ListItems><ListItems>
     <Column0>lAddFreq</Column0>
     <Column1>str</Column1>
     <Column2>1</Column2>

</ListItems><ListItems>
     <Column0>lAddHours</Column0>
     <Column1>num</Column1>
     <Column2>2</Column2>

</ListItems><ListItems>
     <Column0>lTotalHouseInc</Column0>
     <Column1>num</Column1>
     <Column2>6</Column2>

</ListItems><ListItems>
     <Column0>lSSNum</Column0>
     <Column1>num</Column1>
     <Column2>9</Column2>

</ListItems><ListItems>
     <Column0>lSSNRefused</Column0>
     <Column1>str</Column1>
     <Column2>1</Column2>

</ListItems><ListItems>
     <Column0>lChkCity3</Column0>
     <Column1>str</Column1>
     <Column2>20</Column2>

</ListItems><ListItems>
     <Column0>lMaidenRefused</Column0>
     <Column1>str</Column1>
     <Column2>1</Column2>

</ListItems><ListItems>
     <Column0>lCoApplicant</Column0>
     <Column1>str</Column1>
     <Column2>1</Column2>

</ListItems><ListItems>
     <Column0>lCoAppAvailable</Column0>
     <Column1>str</Column1>
     <Column2>1</Column2>

</ListItems><ListItems>
     <Column0>lCoAppFname</Column0>
     <Column1>str</Column1>
     <Column2>20</Column2>

</ListItems><ListItems>
     <Column0>lCoAppLname</Column0>
     <Column1>str</Column1>
     <Column2>20</Column2>

</ListItems><ListItems>
     <Column0>lCoAppRelationship</Column0>
     <Column1>str</Column1>
     <Column2>1</Column2>

</ListItems><ListItems>
     <Column0>lCoAppZip</Column0>
     <Column1>str</Column1>
     <Column2>5</Column2>

</ListItems><ListItems>
     <Column0>lCoAppAdd1</Column0>
     <Column1>str</Column1>
     <Column2>20</Column2>

</ListItems><ListItems>
     <Column0>lCoAppAdd2</Column0>
     <Column1>str</Column1>
     <Column2>20</Column2>

</ListItems><ListItems>
     <Column0>lCoAppCity</Column0>
     <Column1>str</Column1>
     <Column2>20</Column2>

</ListItems><ListItems>
     <Column0>lCoAppState</Column0>
     <Column1>str</Column1>
     <Column2>2</Column2>

</ListItems><ListItems>
     <Column0>lCoAppPhone</Column0>
     <Column1>str</Column1>
     <Column2>10</Column2>

</ListItems><ListItems>
     <Column0>lCoAppYears</Column0>
     <Column1>num</Column1>
     <Column2>2</Column2>

</ListItems><ListItems>
     <Column0>lCoAppDOB</Column0>
     <Column1>str</Column1>
     <Column2>8</Column2>

</ListItems><ListItems>
     <Column0>lCoAppDOBrefused</Column0>
     <Column1>str</Column1>
     <Column2>1</Column2>

</ListItems><ListItems>
     <Column0>lCoAppSSN</Column0>
     <Column1>num</Column1>
     <Column2>9</Column2>

</ListItems><ListItems>
     <Column0>lCoAppSSNrefused</Column0>
     <Column1>str</Column1>
     <Column2>1</Column2>

</ListItems><ListItems>
     <Column0>lCoAppEmployer</Column0>
     <Column1>str</Column1>
     <Column2>20</Column2>

</ListItems><ListItems>
     <Column0>lCoAppPosition</Column0>
     <Column1>str</Column1>
     <Column2>20</Column2>

</ListItems><ListItems>
     <Column0>lCoAppFreq</Column0>
     <Column1>str</Column1>
     <Column2>1</Column2>

</ListItems><ListItems>
     <Column0>lCoAppHours</Column0>
     <Column1>num</Column1>
     <Column2>2</Column2>

</ListItems><ListItems>
     <Column0>lCoAppSalary</Column0>
     <Column1>num</Column1>
     <Column2>7</Column2>

</ListItems><ListItems>
     <Column0>lPrevEmployer</Column0>
     <Column1>str</Column1>
     <Column2>20</Column2>

</ListItems><ListItems>
     <Column0>lPrevPosition</Column0>
     <Column1>str</Column1>
     <Column2>20</Column2>

</ListItems><ListItems>
     <Column0>lPrevBusiness</Column0>
     <Column1>str</Column1>
     <Column2>20</Column2>

</ListItems><ListItems>
     <Column0>lPrevJobCode</Column0>
     <Column1>str</Column1>
     <Column2>7</Column2>

</ListItems><ListItems>
     <Column0>lPrevSalary</Column0>
     <Column1>num</Column1>
     <Column2>6</Column2>

</ListItems><ListItems>
     <Column0>lPrevEmpYears</Column0>
     <Column1>str</Column1>
     <Column2>2</Column2>

</ListItems><ListItems>
     <Column0>lPrevWorkPhone</Column0>
     <Column1>str</Column1>
     <Column2>10</Column2>

</ListItems><ListItems>
     <Column0>lAnnualPrevSalary</Column0>
     <Column1>num</Column1>
     <Column2>6</Column2>

</ListItems><ListItems>
     <Column0>lCheckAmt9</Column0>
     <Column1>num</Column1>
     <Column2>6</Column2>

</ListItems><ListItems>
     <Column0>lCRMyn</Column0>
     <Column1>str</Column1>
     <Column2>1</Column2>

</ListItems><ListItems>
     <Column0>lSuffix</Column0>
     <Column1>str</Column1>
     <Column2>3</Column2>

</ListItems><ListItems>
     <Column0>lCoAppSuffix</Column0>
     <Column1>str</Column1>
     <Column2>3</Column2>

</ListItems><ListItems>
     <Column0>lCoAppJobCode</Column0>
     <Column1>str</Column1>
     <Column2>2</Column2>

</ListItems><ListItems>
     <Column0>lCoAppEmpYears</Column0>
     <Column1>str</Column1>
     <Column2>2</Column2>

</ListItems><ListItems>
     <Column0>lCoAppMI</Column0>
     <Column1>str</Column1>
     <Column2>1</Column2>

</ListItems><ListItems>
     <Column0>lTMrepID</Column0>
     <Column1>str</Column1>
     <Column2>10</Column2>

</ListItems><ListItems>
     <Column0>lmailMname</Column0>
     <Column1>str</Column1>
     <Column2>1</Column2>

</ListItems><ListItems>
     <Column0>lCoAppWorkPhone</Column0>
     <Column1>str</Column1>
     <Column2>10</Column2>

</ListItems><ListItems>
     <Column0>lCellPhone</Column0>
     <Column1>str</Column1>
     <Column2>10</Column2>

</ListItems><ListItems>
     <Column0>lTotalincome</Column0>
     <Column1>num</Column1>
     <Column2>7</Column2>

</ListItems><ListItems>
     <Column0>lCountry</Column0>
     <Column1>str</Column1>
     <Column2>50</Column2>

</ListItems></lSecureCFManual>
