﻿<lSecureCCManual>
<ListItems>
     <Column0>lCode10</Column0>
     <Column1>str</Column1>
     <Column2>10</Column2>

</ListItems><ListItems>
     <Column0>lCODE42</Column0>
     <Column1>str</Column1>
     <Column2>4</Column2>

</ListItems><ListItems>
     <Column0>lReferenceNum</Column0>
     <Column1>num</Column1>
     <Column2>11</Column2>

</ListItems><ListItems>
     <Column0>lSELECT41</Column0>
     <Column1>str</Column1>
     <Column2>1</Column2>

</ListItems><ListItems>
     <Column0>lSELECT42</Column0>
     <Column1>str</Column1>
     <Column2>1</Column2>

</ListItems><ListItems>
     <Column0>lSELECT43</Column0>
     <Column1>str</Column1>
     <Column2>1</Column2>

</ListItems><ListItems>
     <Column0>lCode30</Column0>
     <Column1>str</Column1>
     <Column2>30</Column2>

</ListItems><ListItems>
     <Column0>lCODE43</Column0>
     <Column1>str</Column1>
     <Column2>4</Column2>

</ListItems><ListItems>
     <Column0>lCODE44</Column0>
     <Column1>str</Column1>
     <Column2>4</Column2>

</ListItems><ListItems>
     <Column0>lmailFname</Column0>
     <Column1>str</Column1>
     <Column2>20</Column2>

</ListItems><ListItems>
     <Column0>lmailMname</Column0>
     <Column1>str</Column1>
     <Column2>1</Column2>

</ListItems><ListItems>
     <Column0>lmailLname</Column0>
     <Column1>str</Column1>
     <Column2>20</Column2>

</ListItems><ListItems>
     <Column0>lmailAdd1</Column0>
     <Column1>str</Column1>
     <Column2>40</Column2>

</ListItems><ListItems>
     <Column0>lmailCity</Column0>
     <Column1>str</Column1>
     <Column2>30</Column2>

</ListItems><ListItems>
     <Column0>lmailState</Column0>
     <Column1>str</Column1>
     <Column2>2</Column2>

</ListItems><ListItems>
     <Column0>lmailZip</Column0>
     <Column1>str</Column1>
     <Column2>5</Column2>

</ListItems><ListItems>
     <Column0>lYear2</Column0>
     <Column1>num</Column1>
     <Column2>2</Column2>

</ListItems><ListItems>
     <Column0>lAddress12</Column0>
     <Column1>str</Column1>
     <Column2>30</Column2>

</ListItems><ListItems>
     <Column0>lAddressOne</Column0>
     <Column1>str</Column1>
     <Column2>30</Column2>

</ListItems><ListItems>
     <Column0>lState1</Column0>
     <Column1>str</Column1>
     <Column2>2</Column2>

</ListItems><ListItems>
     <Column0>lCRZip1</Column0>
     <Column1>str</Column1>
     <Column2>5</Column2>

</ListItems><ListItems>
     <Column0>lHomePhone</Column0>
     <Column1>str</Column1>
     <Column2>10</Column2>

</ListItems><ListItems>
     <Column0>lSELECT44</Column0>
     <Column1>str</Column1>
     <Column2>1</Column2>

</ListItems><ListItems>
     <Column0>lAmt4</Column0>
     <Column1>num</Column1>
     <Column2>5</Column2>

</ListItems><ListItems>
     <Column0>lCode202</Column0>
     <Column1>str</Column1>
     <Column2>20</Column2>

</ListItems><ListItems>
     <Column0>lCode203</Column0>
     <Column1>str</Column1>
     <Column2>20</Column2>

</ListItems><ListItems>
     <Column0>lEmpPhone</Column0>
     <Column1>str</Column1>
     <Column2>10</Column2>

</ListItems><ListItems>
     <Column0>lYears3</Column0>
     <Column1>num</Column1>
     <Column2>2</Column2>

</ListItems><ListItems>
     <Column0>lCheckAmt1</Column0>
     <Column1>num</Column1>
     <Column2>7</Column2>

</ListItems><ListItems>
     <Column0>lSELECT45</Column0>
     <Column1>str</Column1>
     <Column2>1</Column2>

</ListItems><ListItems>
     <Column0>lNum21</Column0>
     <Column1>num</Column1>
     <Column2>2</Column2>

</ListItems><ListItems>
     <Column0>lChkCity1</Column0>
     <Column1>str</Column1>
     <Column2>20</Column2>

</ListItems><ListItems>
     <Column0>lChkCity2</Column0>
     <Column1>str</Column1>
     <Column2>20</Column2>

</ListItems><ListItems>
     <Column0>lSubtot1</Column0>
     <Column1>num</Column1>
     <Column2>6</Column2>

</ListItems><ListItems>
     <Column0>lSELECT46</Column0>
     <Column1>str</Column1>
     <Column2>1</Column2>

</ListItems><ListItems>
     <Column0>lCardName1</Column0>
     <Column1>str</Column1>
     <Column2>30</Column2>

</ListItems><ListItems>
     <Column0>lCardName2</Column0>
     <Column1>str</Column1>
     <Column2>30</Column2>

</ListItems><ListItems>
     <Column0>lSELECT47</Column0>
     <Column1>str</Column1>
     <Column2>1</Column2>

</ListItems><ListItems>
     <Column0>lSELECT48</Column0>
     <Column1>str</Column1>
     <Column2>1</Column2>

</ListItems><ListItems>
     <Column0>lCCExpd1</Column0>
     <Column1>str</Column1>
     <Column2>4</Column2>

</ListItems><ListItems>
     <Column0>lSELECT49</Column0>
     <Column1>str</Column1>
     <Column2>1</Column2>

</ListItems><ListItems>
     <Column0>lCardName3</Column0>
     <Column1>str</Column1>
     <Column2>30</Column2>

</ListItems><ListItems>
     <Column0>lCode171</Column0>
     <Column1>str</Column1>
     <Column2>17</Column2>

</ListItems><ListItems>
     <Column0>lAddress122</Column0>
     <Column1>str</Column1>
     <Column2>30</Column2>

</ListItems><ListItems>
     <Column0>lAddressOne3</Column0>
     <Column1>str</Column1>
     <Column2>30</Column2>

</ListItems><ListItems>
     <Column0>lState2</Column0>
     <Column1>str</Column1>
     <Column2>2</Column2>

</ListItems><ListItems>
     <Column0>lCRZip2</Column0>
     <Column1>str</Column1>
     <Column2>5</Column2>

</ListItems><ListItems>
     <Column0>lPhone3</Column0>
     <Column1>str</Column1>
     <Column2>10</Column2>

</ListItems><ListItems>
     <Column0>lCheckAmt2</Column0>
     <Column1>num</Column1>
     <Column2>7</Column2>

</ListItems><ListItems>
     <Column0>lSELECT50</Column0>
     <Column1>str</Column1>
     <Column2>1</Column2>

</ListItems><ListItems>
     <Column0>lCardName4</Column0>
     <Column1>str</Column1>
     <Column2>30</Column2>

</ListItems><ListItems>
     <Column0>lCardName5</Column0>
     <Column1>str</Column1>
     <Column2>30</Column2>

</ListItems><ListItems>
     <Column0>lPhone4</Column0>
     <Column1>str</Column1>
     <Column2>10</Column2>

</ListItems><ListItems>
     <Column0>lYears4</Column0>
     <Column1>num</Column1>
     <Column2>2</Column2>

</ListItems><ListItems>
     <Column0>lSELECT51</Column0>
     <Column1>str</Column1>
     <Column2>1</Column2>

</ListItems><ListItems>
     <Column0>lCheckAmt3</Column0>
     <Column1>num</Column1>
     <Column2>7</Column2>

</ListItems><ListItems>
     <Column0>lSELECT52</Column0>
     <Column1>str</Column1>
     <Column2>1</Column2>

</ListItems><ListItems>
     <Column0>lCardName6</Column0>
     <Column1>str</Column1>
     <Column2>30</Column2>

</ListItems><ListItems>
     <Column0>lBalconcc1</Column0>
     <Column1>str</Column1>
     <Column2>30</Column2>

</ListItems><ListItems>
     <Column0>lPhone5</Column0>
     <Column1>str</Column1>
     <Column2>10</Column2>

</ListItems><ListItems>
     <Column0>lYears5</Column0>
     <Column1>num</Column1>
     <Column2>2</Column2>

</ListItems><ListItems>
     <Column0>lCheckAmt4</Column0>
     <Column1>num</Column1>
     <Column2>7</Column2>

</ListItems><ListItems>
     <Column0>lCheckAmt5</Column0>
     <Column1>num</Column1>
     <Column2>7</Column2>

</ListItems><ListItems>
     <Column0>lCheckAmt6</Column0>
     <Column1>num</Column1>
     <Column2>7</Column2>

</ListItems><ListItems>
     <Column0>lDate3</Column0>
     <Column1>str</Column1>
     <Column2>8</Column2>

</ListItems><ListItems>
     <Column0>lSSNum</Column0>
     <Column1>num</Column1>
     <Column2>9</Column2>

</ListItems><ListItems>
     <Column0>lChkCity3</Column0>
     <Column1>str</Column1>
     <Column2>20</Column2>

</ListItems><ListItems>
     <Column0>lChkFname1</Column0>
     <Column1>str</Column1>
     <Column2>16</Column2>

</ListItems><ListItems>
     <Column0>lSELECT53</Column0>
     <Column1>str</Column1>
     <Column2>1</Column2>

</ListItems><ListItems>
     <Column0>lChkLname1</Column0>
     <Column1>str</Column1>
     <Column2>16</Column2>

</ListItems><ListItems>
     <Column0>lChkCity4</Column0>
     <Column1>str</Column1>
     <Column2>20</Column2>

</ListItems><ListItems>
     <Column0>lSELECT54</Column0>
     <Column1>str</Column1>
     <Column2>1</Column2>

</ListItems><ListItems>
     <Column0>lChkFname2</Column0>
     <Column1>str</Column1>
     <Column2>16</Column2>

</ListItems><ListItems>
     <Column0>lSELECT55</Column0>
     <Column1>str</Column1>
     <Column2>1</Column2>

</ListItems><ListItems>
     <Column0>lChkLname2</Column0>
     <Column1>str</Column1>
     <Column2>16</Column2>

</ListItems><ListItems>
     <Column0>lAddressCoapp</Column0>
     <Column1>str</Column1>
     <Column2>30</Column2>

</ListItems><ListItems>
     <Column0>lAddressTwo</Column0>
     <Column1>str</Column1>
     <Column2>30</Column2>

</ListItems><ListItems>
     <Column0>lState3</Column0>
     <Column1>str</Column1>
     <Column2>2</Column2>

</ListItems><ListItems>
     <Column0>lCRZip3</Column0>
     <Column1>str</Column1>
     <Column2>5</Column2>

</ListItems><ListItems>
     <Column0>lSELECT56</Column0>
     <Column1>str</Column1>
     <Column2>1</Column2>

</ListItems><ListItems>
     <Column0>lYears</Column0>
     <Column1>num</Column1>
     <Column2>2</Column2>

</ListItems><ListItems>
     <Column0>lPhoneNumb1</Column0>
     <Column1>str</Column1>
     <Column2>10</Column2>

</ListItems><ListItems>
     <Column0>lCode172</Column0>
     <Column1>str</Column1>
     <Column2>17</Column2>

</ListItems><ListItems>
     <Column0>lBalconcc2</Column0>
     <Column1>str</Column1>
     <Column2>30</Column2>

</ListItems><ListItems>
     <Column0>lBalconcc3</Column0>
     <Column1>str</Column1>
     <Column2>30</Column2>

</ListItems><ListItems>
     <Column0>lPhoneline2</Column0>
     <Column1>str</Column1>
     <Column2>10</Column2>

</ListItems><ListItems>
     <Column0>lYearob2</Column0>
     <Column1>num</Column1>
     <Column2>2</Column2>

</ListItems><ListItems>
     <Column0>lTransAmt1</Column0>
     <Column1>num</Column1>
     <Column2>7</Column2>

</ListItems><ListItems>
     <Column0>lSELECT57</Column0>
     <Column1>str</Column1>
     <Column2>1</Column2>

</ListItems><ListItems>
     <Column0>lDateMort1</Column0>
     <Column1>str</Column1>
     <Column2>6</Column2>

</ListItems><ListItems>
     <Column0>lSSNum2</Column0>
     <Column1>num</Column1>
     <Column2>9</Column2>

</ListItems><ListItems>
     <Column0>lChkCity5</Column0>
     <Column1>str</Column1>
     <Column2>20</Column2>

</ListItems><ListItems>
     <Column0>lCODE51</Column0>
     <Column1>str</Column1>
     <Column2>5</Column2>

</ListItems><ListItems>
     <Column0>lCODE34</Column0>
     <Column1>str</Column1>
     <Column2>3</Column2>

</ListItems><ListItems>
     <Column0>lcomment501</Column0>
     <Column1>str</Column1>
     <Column2>50</Column2>

</ListItems><ListItems>
     <Column0>lcomment502</Column0>
     <Column1>str</Column1>
     <Column2>50</Column2>

</ListItems><ListItems>
     <Column0>lChkCity6</Column0>
     <Column1>str</Column1>
     <Column2>20</Column2>

</ListItems><ListItems>
     <Column0>lNum41</Column0>
     <Column1>num</Column1>
     <Column2>4</Column2>

</ListItems><ListItems>
     <Column0>lYears6</Column0>
     <Column1>num</Column1>
     <Column2>2</Column2>

</ListItems><ListItems>
     <Column0>lIncomeSource</Column0>
     <Column1>str</Column1>
     <Column2>20</Column2>

</ListItems><ListItems>
     <Column0>lPhysicalAddress1</Column0>
     <Column1>str</Column1>
     <Column2>40</Column2>

</ListItems><ListItems>
     <Column0>lPhysicalCity</Column0>
     <Column1>str</Column1>
     <Column2>30</Column2>

</ListItems><ListItems>
     <Column0>lPhysicalZip</Column0>
     <Column1>str</Column1>
     <Column2>5</Column2>

</ListItems><ListItems>
     <Column0>lPhysicalState</Column0>
     <Column1>str</Column1>
     <Column2>2</Column2>

</ListItems><ListItems>
     <Column0>lCard</Column0>
     <Column1>str</Column1>
     <Column2>20</Column2>

</ListItems><ListItems>
     <Column0>lIntro</Column0>
     <Column1>str</Column1>
     <Column2>7</Column2>

</ListItems><ListItems>
     <Column0>lDuration</Column0>
     <Column1>num</Column1>
     <Column2>2</Column2>

</ListItems><ListItems>
     <Column0>lEndMonth</Column0>
     <Column1>num</Column1>
     <Column2>2</Column2>

</ListItems><ListItems>
     <Column0>lEndYear</Column0>
     <Column1>num</Column1>
     <Column2>4</Column2>

</ListItems><ListItems>
     <Column0>lContract</Column0>
     <Column1>str</Column1>
     <Column2>8</Column2>

</ListItems><ListItems>
     <Column0>lEmailAdd</Column0>
     <Column1>str</Column1>
     <Column2>40</Column2>

</ListItems><ListItems>
     <Column0>lMarketing</Column0>
     <Column1>str</Column1>
     <Column2>1</Column2>

</ListItems><ListItems>
     <Column0>lPlatinumPlus</Column0>
     <Column1>str</Column1>
     <Column2>30</Column2>

</ListItems><ListItems>
     <Column0>lNoRef</Column0>
     <Column1>str</Column1>
     <Column2>1</Column2>

</ListItems><ListItems>
     <Column0>lNoIntro</Column0>
     <Column1>str</Column1>
     <Column2>1</Column2>

</ListItems><ListItems>
     <Column0>lIntroPromo</Column0>
     <Column1>str</Column1>
     <Column2>2</Column2>

</ListItems><ListItems>
     <Column0>lHours</Column0>
     <Column1>num</Column1>
     <Column2>2</Column2>

</ListItems><ListItems>
     <Column0>lSourceVerified</Column0>
     <Column1>str</Column1>
     <Column2>1</Column2>

</ListItems><ListItems>
     <Column0>lmailAdd2</Column0>
     <Column1>str</Column1>
     <Column2>40</Column2>

</ListItems><ListItems>
     <Column0>lPOBoxUsed</Column0>
     <Column1>str</Column1>
     <Column2>1</Column2>

</ListItems><ListItems>
     <Column0>lPhysicalAddress2</Column0>
     <Column1>str</Column1>
     <Column2>40</Column2>

</ListItems><ListItems>
     <Column0>lRefusedBirth</Column0>
     <Column1>str</Column1>
     <Column2>1</Column2>

</ListItems><ListItems>
     <Column0>lPensionRefused</Column0>
     <Column1>str</Column1>
     <Column2>1</Column2>

</ListItems><ListItems>
     <Column0>lPensionFrequency</Column0>
     <Column1>str</Column1>
     <Column2>1</Column2>

</ListItems><ListItems>
     <Column0>lPensionYearsEmp</Column0>
     <Column1>num</Column1>
     <Column2>2</Column2>

</ListItems><ListItems>
     <Column0>lEmpRefused</Column0>
     <Column1>str</Column1>
     <Column2>1</Column2>

</ListItems><ListItems>
     <Column0>lManualTotalIncome</Column0>
     <Column1>num</Column1>
     <Column2>7</Column2>

</ListItems><ListItems>
     <Column0>lIncomeRefused</Column0>
     <Column1>str</Column1>
     <Column2>1</Column2>

</ListItems><ListItems>
     <Column0>lStudentRefused</Column0>
     <Column1>str</Column1>
     <Column2>1</Column2>

</ListItems><ListItems>
     <Column0>lManIncomeSource</Column0>
     <Column1>str</Column1>
     <Column2>20</Column2>

</ListItems><ListItems>
     <Column0>lManualAddress4</Column0>
     <Column1>str</Column1>
     <Column2>30</Column2>

</ListItems><ListItems>
     <Column0>lManPrevEmployed</Column0>
     <Column1>str</Column1>
     <Column2>1</Column2>

</ListItems><ListItems>
     <Column0>lManPrevFreq</Column0>
     <Column1>str</Column1>
     <Column2>1</Column2>

</ListItems><ListItems>
     <Column0>lManUnEmpHours</Column0>
     <Column1>num</Column1>
     <Column2>2</Column2>

</ListItems><ListItems>
     <Column0>lAddFreq</Column0>
     <Column1>str</Column1>
     <Column2>1</Column2>

</ListItems><ListItems>
     <Column0>lAddHours</Column0>
     <Column1>num</Column1>
     <Column2>2</Column2>

</ListItems><ListItems>
     <Column0>lSSNRefused</Column0>
     <Column1>str</Column1>
     <Column2>1</Column2>

</ListItems><ListItems>
     <Column0>lMaidenRefused</Column0>
     <Column1>str</Column1>
     <Column2>1</Column2>

</ListItems><ListItems>
     <Column0>lAgentFullName</Column0>
     <Column1>str</Column1>
     <Column2>30</Column2>

</ListItems><ListItems>
     <Column0>lAcctType</Column0>
     <Column1>str</Column1>
     <Column2>2</Column2>

</ListItems><ListItems>
     <Column0>lAssocBank</Column0>
     <Column1>str</Column1>
     <Column2>3</Column2>

</ListItems><ListItems>
     <Column0>lProdOfrCd</Column0>
     <Column1>str</Column1>
     <Column2>2</Column2>

</ListItems><ListItems>
     <Column0>lAnnualPensionAmt</Column0>
     <Column1>num</Column1>
     <Column2>10</Column2>

</ListItems><ListItems>
     <Column0>lAnnualAddIncome</Column0>
     <Column1>num</Column1>
     <Column2>10</Column2>

</ListItems><ListItems>
     <Column0>lAnnualPrevSalary</Column0>
     <Column1>num</Column1>
     <Column2>10</Column2>

</ListItems><ListItems>
     <Column0>lTelRep</Column0>
     <Column1>str</Column1>
     <Column2>8</Column2>

</ListItems><ListItems>
     <Column0>lPreappID</Column0>
     <Column1>num</Column1>
     <Column2>13</Column2>

</ListItems><ListItems>
     <Column0>lAppName</Column0>
     <Column1>str</Column1>
     <Column2>25</Column2>

</ListItems><ListItems>
     <Column0>lCustAddress1</Column0>
     <Column1>str</Column1>
     <Column2>25</Column2>

</ListItems><ListItems>
     <Column0>lCustAddress2</Column0>
     <Column1>str</Column1>
     <Column2>25</Column2>

</ListItems><ListItems>
     <Column0>lCustCity</Column0>
     <Column1>str</Column1>
     <Column2>15</Column2>

</ListItems><ListItems>
     <Column0>lPhysicalAddr</Column0>
     <Column1>str</Column1>
     <Column2>60</Column2>

</ListItems><ListItems>
     <Column0>lPhysicalAddress1</Column0>
     <Column1>str</Column1>
     <Column2>22</Column2>

</ListItems><ListItems>
     <Column0>lPhysicalAddress2</Column0>
     <Column1>str</Column1>
     <Column2>10</Column2>

</ListItems><ListItems>
     <Column0>lPhysicalCity</Column0>
     <Column1>str</Column1>
     <Column2>16</Column2>

</ListItems><ListItems>
     <Column0>lROBPayment</Column0>
     <Column1>num</Column1>
     <Column2>8</Column2>

</ListItems><ListItems>
     <Column0>lPrevEmployer</Column0>
     <Column1>str</Column1>
     <Column2>30</Column2>

</ListItems><ListItems>
     <Column0>lPrevPosition</Column0>
     <Column1>str</Column1>
     <Column2>30</Column2>

</ListItems><ListItems>
     <Column0>lPensionAmount</Column0>
     <Column1>num</Column1>
     <Column2>10</Column2>

</ListItems><ListItems>
     <Column0>lSalary</Column0>
     <Column1>num</Column1>
     <Column2>10</Column2>

</ListItems><ListItems>
     <Column0>lAnnualSalary</Column0>
     <Column1>num</Column1>
     <Column2>10</Column2>

</ListItems><ListItems>
     <Column0>lHomeAdd</Column0>
     <Column1>str</Column1>
     <Column2>25</Column2>

</ListItems><ListItems>
     <Column0>lHomeAdd1</Column0>
     <Column1>str</Column1>
     <Column2>25</Column2>

</ListItems><ListItems>
     <Column0>lSchoolCity</Column0>
     <Column1>str</Column1>
     <Column2>15</Column2>

</ListItems><ListItems>
     <Column0>lAdditionalIncome</Column0>
     <Column1>num</Column1>
     <Column2>10</Column2>

</ListItems><ListItems>
     <Column0>lTotalHouseInc</Column0>
     <Column1>num</Column1>
     <Column2>10</Column2>

</ListItems><ListItems>
     <Column0>lMaidenName</Column0>
     <Column1>str</Column1>
     <Column2>25</Column2>

</ListItems><ListItems>
     <Column0>lAffidavit</Column0>
     <Column1>str</Column1>
     <Column2>60</Column2>

</ListItems><ListItems>
     <Column0>lReference</Column0>
     <Column1>str</Column1>
     <Column2>15</Column2>

</ListItems><ListItems>
     <Column0>lSourceCode2</Column0>
     <Column1>str</Column1>
     <Column2>6</Column2>

</ListItems><ListItems>
     <Column0>lIssue</Column0>
     <Column1>str</Column1>
     <Column2>25</Column2>

</ListItems><ListItems>
     <Column0>lPromo1Rate</Column0>
     <Column1>str</Column1>
     <Column2>5</Column2>

</ListItems><ListItems>
     <Column0>lPromo1Duration</Column0>
     <Column1>str</Column1>
     <Column2>50</Column2>

</ListItems><ListItems>
     <Column0>lPromo1EndDate</Column0>
     <Column1>str</Column1>
     <Column2>10</Column2>

</ListItems><ListItems>
     <Column0>lPromo1Retail</Column0>
     <Column1>str</Column1>
     <Column2>1</Column2>

</ListItems><ListItems>
     <Column0>lPromo1Checks</Column0>
     <Column1>str</Column1>
     <Column2>1</Column2>

</ListItems><ListItems>
     <Column0>lPromo1BT</Column0>
     <Column1>str</Column1>
     <Column2>1</Column2>

</ListItems><ListItems>
     <Column0>lPromo1DirectDeposits</Column0>
     <Column1>str</Column1>
     <Column2>1</Column2>

</ListItems><ListItems>
     <Column0>lPromo1BankATMcash</Column0>
     <Column1>str</Column1>
     <Column2>1</Column2>

</ListItems><ListItems>
     <Column0>lPromo2Rate</Column0>
     <Column1>str</Column1>
     <Column2>5</Column2>

</ListItems><ListItems>
     <Column0>lPromo2Duration</Column0>
     <Column1>str</Column1>
     <Column2>50</Column2>

</ListItems><ListItems>
     <Column0>lPromo2EndDate</Column0>
     <Column1>str</Column1>
     <Column2>10</Column2>

</ListItems><ListItems>
     <Column0>lPromo2Retail</Column0>
     <Column1>str</Column1>
     <Column2>1</Column2>

</ListItems><ListItems>
     <Column0>lPromo2Checks</Column0>
     <Column1>str</Column1>
     <Column2>1</Column2>

</ListItems><ListItems>
     <Column0>lPromo2BT</Column0>
     <Column1>str</Column1>
     <Column2>1</Column2>

</ListItems><ListItems>
     <Column0>lPromo2DirectDeposits</Column0>
     <Column1>str</Column1>
     <Column2>1</Column2>

</ListItems><ListItems>
     <Column0>lPromo2BankATMcash</Column0>
     <Column1>str</Column1>
     <Column2>1</Column2>

</ListItems><ListItems>
     <Column0>lContractRate</Column0>
     <Column1>str</Column1>
     <Column2>50</Column2>

</ListItems><ListItems>
     <Column0>lPreviousOccupation</Column0>
     <Column1>str</Column1>
     <Column2>20</Column2>

</ListItems><ListItems>
     <Column0>lPreviousEmployer</Column0>
     <Column1>str</Column1>
     <Column2>20</Column2>

</ListItems><ListItems>
     <Column0>lPreviousIncome</Column0>
     <Column1>str</Column1>
     <Column2>6</Column2>

</ListItems><ListItems>
     <Column0>lAdditionalIncome1</Column0>
     <Column1>str</Column1>
     <Column2>6</Column2>

</ListItems><ListItems>
     <Column0>lAdditionalIncome2</Column0>
     <Column1>str</Column1>
     <Column2>6</Column2>

</ListItems><ListItems>
     <Column0>lAdditionalIncome3</Column0>
     <Column1>str</Column1>
     <Column2>6</Column2>

</ListItems><ListItems>
     <Column0>lAddIncSource1</Column0>
     <Column1>str</Column1>
     <Column2>20</Column2>

</ListItems><ListItems>
     <Column0>lAddIncSource2</Column0>
     <Column1>str</Column1>
     <Column2>20</Column2>

</ListItems><ListItems>
     <Column0>lAddIncSource3</Column0>
     <Column1>str</Column1>
     <Column2>20</Column2>

</ListItems><ListItems>
     <Column0>lPreviousEmpYears</Column0>
     <Column1>str</Column1>
     <Column2>2</Column2>

</ListItems><ListItems>
     <Column0>lGradMonth</Column0>
     <Column1>str</Column1>
     <Column2>2</Column2>

</ListItems><ListItems>
     <Column0>lCoAppOccCode</Column0>
     <Column1>str</Column1>
     <Column2>2</Column2>

</ListItems><ListItems>
     <Column0>lCountryCitizenship</Column0>
     <Column1>str</Column1>
     <Column2>2</Column2>

</ListItems><ListItems>
     <Column0>lPhysicalStreet</Column0>
     <Column1>str</Column1>
     <Column2>40</Column2>

</ListItems><ListItems>
     <Column0>lPhysicalStreet2</Column0>
     <Column1>str</Column1>
     <Column2>40</Column2>

</ListItems><ListItems>
     <Column0>lPhysicalCity1</Column0>
     <Column1>str</Column1>
     <Column2>25</Column2>

</ListItems><ListItems>
     <Column0>lPhysicalPltclDivCd</Column0>
     <Column1>str</Column1>
     <Column2>2</Column2>

</ListItems><ListItems>
     <Column0>lPhysicalPstlCd</Column0>
     <Column1>str</Column1>
     <Column2>9</Column2>

</ListItems><ListItems>
     <Column0>lGovtNumber</Column0>
     <Column1>str</Column1>
     <Column2>20</Column2>

</ListItems><ListItems>
     <Column0>lGovtIdTypeNumber</Column0>
     <Column1>num</Column1>
     <Column2>4</Column2>

</ListItems><ListItems>
     <Column0>lGovtPlaceIssuance</Column0>
     <Column1>str</Column1>
     <Column2>30</Column2>

</ListItems><ListItems>
     <Column0>lGovtExpDate</Column0>
     <Column1>str</Column1>
     <Column2>10</Column2>

</ListItems><ListItems>
     <Column0>lGovtIssuanceDate</Column0>
     <Column1>str</Column1>
     <Column2>10</Column2>

</ListItems><ListItems>
     <Column0>lCoAppCountryCitizenship</Column0>
     <Column1>str</Column1>
     <Column2>2</Column2>

</ListItems><ListItems>
     <Column0>lCoAppStreet1</Column0>
     <Column1>str</Column1>
     <Column2>40</Column2>

</ListItems><ListItems>
     <Column0>lCoAppStreet2</Column0>
     <Column1>str</Column1>
     <Column2>40</Column2>

</ListItems><ListItems>
     <Column0>lCoAppPhysAddrCity</Column0>
     <Column1>str</Column1>
     <Column2>25</Column2>

</ListItems><ListItems>
     <Column0>lCoAppPhysAddrPltclDivCd</Column0>
     <Column1>str</Column1>
     <Column2>2</Column2>

</ListItems><ListItems>
     <Column0>lCoAppPhysAddrPstlCd</Column0>
     <Column1>str</Column1>
     <Column2>9</Column2>

</ListItems><ListItems>
     <Column0>lCoAppGovtNumber</Column0>
     <Column1>str</Column1>
     <Column2>20</Column2>

</ListItems><ListItems>
     <Column0>lCoAppGovtIdTypeNum</Column0>
     <Column1>num</Column1>
     <Column2>4</Column2>

</ListItems><ListItems>
     <Column0>lCoAppGovtPlaceIssu</Column0>
     <Column1>str</Column1>
     <Column2>30</Column2>

</ListItems><ListItems>
     <Column0>lCoAppGovtExpDate</Column0>
     <Column1>str</Column1>
     <Column2>10</Column2>

</ListItems><ListItems>
     <Column0>lCoAppGovtIssuDate</Column0>
     <Column1>str</Column1>
     <Column2>10</Column2>

</ListItems><ListItems>
     <Column0>lCountryName</Column0>
     <Column1>str</Column1>
     <Column2>50</Column2>

</ListItems><ListItems>
     <Column0>lCoAppCountryName</Column0>
     <Column1>str</Column1>
     <Column2>50</Column2>

</ListItems></lSecureCCManual>
