﻿<lSecureSystemDown>
<ListItems>
     <Column0>lTelRep</Column0>
     <Column1>str</Column1>
     <Column2>8</Column2>

</ListItems><ListItems>
     <Column0>lCode30</Column0>
     <Column1>str</Column1>
     <Column2>30</Column2>

</ListItems><ListItems>
     <Column0>lAcctType</Column0>
     <Column1>str</Column1>
     <Column2>2</Column2>

</ListItems><ListItems>
     <Column0>lAssocBank</Column0>
     <Column1>str</Column1>
     <Column2>3</Column2>

</ListItems><ListItems>
     <Column0>lSourceCode2</Column0>
     <Column1>str</Column1>
     <Column2>6</Column2>

</ListItems><ListItems>
     <Column0>lSELECT41</Column0>
     <Column1>str</Column1>
     <Column2>1</Column2>

</ListItems><ListItems>
     <Column0>lSELECT42</Column0>
     <Column1>str</Column1>
     <Column2>1</Column2>

</ListItems><ListItems>
     <Column0>lProdOfrCd</Column0>
     <Column1>str</Column1>
     <Column2>2</Column2>

</ListItems><ListItems>
     <Column0>lReference</Column0>
     <Column1>str</Column1>
     <Column2>15</Column2>

</ListItems><ListItems>
     <Column0>lAppName</Column0>
     <Column1>str</Column1>
     <Column2>26</Column2>

</ListItems><ListItems>
     <Column0>lmailAdd1</Column0>
     <Column1>str</Column1>
     <Column2>40</Column2>

</ListItems><ListItems>
     <Column0>lmailAdd2</Column0>
     <Column1>str</Column1>
     <Column2>40</Column2>

</ListItems><ListItems>
     <Column0>lmailCity</Column0>
     <Column1>str</Column1>
     <Column2>25</Column2>

</ListItems><ListItems>
     <Column0>lmailState</Column0>
     <Column1>str</Column1>
     <Column2>2</Column2>

</ListItems><ListItems>
     <Column0>lmailZip</Column0>
     <Column1>str</Column1>
     <Column2>5</Column2>

</ListItems><ListItems>
     <Column0>lHomePhone</Column0>
     <Column1>str</Column1>
     <Column2>10</Column2>

</ListItems><ListItems>
     <Column0>lYear2</Column0>
     <Column1>num</Column1>
     <Column2>2</Column2>

</ListItems><ListItems>
     <Column0>lSELECT44</Column0>
     <Column1>str</Column1>
     <Column2>1</Column2>

</ListItems><ListItems>
     <Column0>lROBPayment</Column0>
     <Column1>num</Column1>
     <Column2>8</Column2>

</ListItems><ListItems>
     <Column0>lCardName4</Column0>
     <Column1>str</Column1>
     <Column2>30</Column2>

</ListItems><ListItems>
     <Column0>lNum21</Column0>
     <Column1>num</Column1>
     <Column2>2</Column2>

</ListItems><ListItems>
     <Column0>lCardName5</Column0>
     <Column1>str</Column1>
     <Column2>30</Column2>

</ListItems><ListItems>
     <Column0>lAnnualSalary</Column0>
     <Column1>num</Column1>
     <Column2>10</Column2>

</ListItems><ListItems>
     <Column0>lPhone4</Column0>
     <Column1>str</Column1>
     <Column2>10</Column2>

</ListItems><ListItems>
     <Column0>lYears4</Column0>
     <Column1>num</Column1>
     <Column2>2</Column2>

</ListItems><ListItems>
     <Column0>lPrevEmployer</Column0>
     <Column1>str</Column1>
     <Column2>30</Column2>

</ListItems><ListItems>
     <Column0>lPrevPosition</Column0>
     <Column1>str</Column1>
     <Column2>30</Column2>

</ListItems><ListItems>
     <Column0>lAnnualPrevSalary</Column0>
     <Column1>num</Column1>
     <Column2>10</Column2>

</ListItems><ListItems>
     <Column0>lPensionYearsEmp</Column0>
     <Column1>num</Column1>
     <Column2>2</Column2>

</ListItems><ListItems>
     <Column0>lCardName1</Column0>
     <Column1>str</Column1>
     <Column2>31</Column2>

</ListItems><ListItems>
     <Column0>lCardName2</Column0>
     <Column1>str</Column1>
     <Column2>31</Column2>

</ListItems><ListItems>
     <Column0>lYears6</Column0>
     <Column1>num</Column1>
     <Column2>2</Column2>

</ListItems><ListItems>
     <Column0>lHomeAdd</Column0>
     <Column1>str</Column1>
     <Column2>40</Column2>

</ListItems><ListItems>
     <Column0>lHomeAdd1</Column0>
     <Column1>str</Column1>
     <Column2>40</Column2>

</ListItems><ListItems>
     <Column0>lSchoolCity</Column0>
     <Column1>str</Column1>
     <Column2>25</Column2>

</ListItems><ListItems>
     <Column0>lState2</Column0>
     <Column1>str</Column1>
     <Column2>2</Column2>

</ListItems><ListItems>
     <Column0>lCRZip2</Column0>
     <Column1>str</Column1>
     <Column2>5</Column2>

</ListItems><ListItems>
     <Column0>lSELECT49</Column0>
     <Column1>str</Column1>
     <Column2>1</Column2>

</ListItems><ListItems>
     <Column0>lAnnualAddIncome</Column0>
     <Column1>num</Column1>
     <Column2>10</Column2>

</ListItems><ListItems>
     <Column0>lCardName3</Column0>
     <Column1>str</Column1>
     <Column2>30</Column2>

</ListItems><ListItems>
     <Column0>lDate3</Column0>
     <Column1>str</Column1>
     <Column2>8</Column2>

</ListItems><ListItems>
     <Column0>lSSNum</Column0>
     <Column1>num</Column1>
     <Column2>9</Column2>

</ListItems><ListItems>
     <Column0>lMaidenName</Column0>
     <Column1>str</Column1>
     <Column2>26</Column2>

</ListItems><ListItems>
     <Column0>lPhysicalAddr</Column0>
     <Column1>str</Column1>
     <Column2>120</Column2>

</ListItems><ListItems>
     <Column0>lAffidavit</Column0>
     <Column1>str</Column1>
     <Column2>60</Column2>

</ListItems><ListItems>
     <Column0>lTotalHouseInc</Column0>
     <Column1>num</Column1>
     <Column2>10</Column2>

</ListItems><ListItems>
     <Column0>lRefusedBirth</Column0>
     <Column1>str</Column1>
     <Column2>1</Column2>

</ListItems><ListItems>
     <Column0>lPensionRefused</Column0>
     <Column1>str</Column1>
     <Column2>1</Column2>

</ListItems><ListItems>
     <Column0>lPensionFrequency</Column0>
     <Column1>str</Column1>
     <Column2>1</Column2>

</ListItems><ListItems>
     <Column0>lEmpRefused</Column0>
     <Column1>str</Column1>
     <Column2>1</Column2>

</ListItems><ListItems>
     <Column0>lIncomeRefused</Column0>
     <Column1>str</Column1>
     <Column2>1</Column2>

</ListItems><ListItems>
     <Column0>lStudentRefused</Column0>
     <Column1>str</Column1>
     <Column2>1</Column2>

</ListItems><ListItems>
     <Column0>lSSNRefused</Column0>
     <Column1>str</Column1>
     <Column2>1</Column2>

</ListItems><ListItems>
     <Column0>lMaidenRefused</Column0>
     <Column1>str</Column1>
     <Column2>1</Column2>

</ListItems><ListItems>
     <Column0>lmailFname</Column0>
     <Column1>str</Column1>
     <Column2>20</Column2>

</ListItems><ListItems>
     <Column0>lmailMname</Column0>
     <Column1>str</Column1>
     <Column2>1</Column2>

</ListItems><ListItems>
     <Column0>lmailLname</Column0>
     <Column1>str</Column1>
     <Column2>20</Column2>

</ListItems><ListItems>
     <Column0>lCoAppOccCode</Column0>
     <Column1>str</Column1>
     <Column2>2</Column2>

</ListItems><ListItems>
     <Column0>lCountryCitizenship</Column0>
     <Column1>str</Column1>
     <Column2>2</Column2>

</ListItems><ListItems>
     <Column0>lPhysicalStreet</Column0>
     <Column1>str</Column1>
     <Column2>40</Column2>

</ListItems><ListItems>
     <Column0>lPhysicalStreet2</Column0>
     <Column1>str</Column1>
     <Column2>40</Column2>

</ListItems><ListItems>
     <Column0>lPhysicalCity1</Column0>
     <Column1>str</Column1>
     <Column2>25</Column2>

</ListItems><ListItems>
     <Column0>lPhysicalPltclDivCd</Column0>
     <Column1>str</Column1>
     <Column2>2</Column2>

</ListItems><ListItems>
     <Column0>lPhysicalPstlCd</Column0>
     <Column1>str</Column1>
     <Column2>9</Column2>

</ListItems><ListItems>
     <Column0>lGovtNumber</Column0>
     <Column1>str</Column1>
     <Column2>20</Column2>

</ListItems><ListItems>
     <Column0>lGovtIdTypeNumber</Column0>
     <Column1>num</Column1>
     <Column2>4</Column2>

</ListItems><ListItems>
     <Column0>lGovtPlaceIssuance</Column0>
     <Column1>str</Column1>
     <Column2>30</Column2>

</ListItems><ListItems>
     <Column0>lGovtExpDate</Column0>
     <Column1>str</Column1>
     <Column2>10</Column2>

</ListItems><ListItems>
     <Column0>lGovtIssuanceDate</Column0>
     <Column1>str</Column1>
     <Column2>10</Column2>

</ListItems><ListItems>
     <Column0>lCoAppCountryCitizenship</Column0>
     <Column1>str</Column1>
     <Column2>2</Column2>

</ListItems><ListItems>
     <Column0>lCoAppStreet1</Column0>
     <Column1>str</Column1>
     <Column2>40</Column2>

</ListItems><ListItems>
     <Column0>lCoAppStreet2</Column0>
     <Column1>str</Column1>
     <Column2>40</Column2>

</ListItems><ListItems>
     <Column0>lCoAppPhysAddrCity</Column0>
     <Column1>str</Column1>
     <Column2>25</Column2>

</ListItems><ListItems>
     <Column0>lCoAppPhysAddrPltclDivCd</Column0>
     <Column1>str</Column1>
     <Column2>2</Column2>

</ListItems><ListItems>
     <Column0>lCoAppPhysAddrPstlCd</Column0>
     <Column1>str</Column1>
     <Column2>9</Column2>

</ListItems><ListItems>
     <Column0>lCoAppGovtNumber</Column0>
     <Column1>str</Column1>
     <Column2>20</Column2>

</ListItems><ListItems>
     <Column0>lCoAppGovtIdTypeNum</Column0>
     <Column1>num</Column1>
     <Column2>4</Column2>

</ListItems><ListItems>
     <Column0>lCoAppGovtPlaceIssu</Column0>
     <Column1>str</Column1>
     <Column2>30</Column2>

</ListItems><ListItems>
     <Column0>lCoAppGovtExpDate</Column0>
     <Column1>str</Column1>
     <Column2>10</Column2>

</ListItems><ListItems>
     <Column0>lCoAppGovtIssuDate</Column0>
     <Column1>str</Column1>
     <Column2>10</Column2>

</ListItems></lSecureSystemDown>
