﻿<lSecureChangeRequest>
<ListItems>
     <Column0>lCardType</Column0>
     <Column1>str</Column1>
     <Column2>11</Column2>

</ListItems><ListItems>
     <Column0>lCode10</Column0>
     <Column1>str</Column1>
     <Column2>8</Column2>

</ListItems><ListItems>
     <Column0>lmailFname</Column0>
     <Column1>str</Column1>
     <Column2>16</Column2>

</ListItems><ListItems>
     <Column0>lmailMname</Column0>
     <Column1>str</Column1>
     <Column2>1</Column2>

</ListItems><ListItems>
     <Column0>lmailLname</Column0>
     <Column1>str</Column1>
     <Column2>16</Column2>

</ListItems><ListItems>
     <Column0>lmailZip</Column0>
     <Column1>str</Column1>
     <Column2>5</Column2>

</ListItems><ListItems>
     <Column0>lSSNum</Column0>
     <Column1>num</Column1>
     <Column2>9</Column2>

</ListItems><ListItems>
     <Column0>lDate3</Column0>
     <Column1>str</Column1>
     <Column2>8</Column2>

</ListItems><ListItems>
     <Column0>lReferenceNum</Column0>
     <Column1>num</Column1>
     <Column2>10</Column2>

</ListItems><ListItems>
     <Column0>lSELECT59</Column0>
     <Column1>str</Column1>
     <Column2>1</Column2>

</ListItems><ListItems>
     <Column0>lSELECT60</Column0>
     <Column1>str</Column1>
     <Column2>1</Column2>

</ListItems><ListItems>
     <Column0>lSELECT61</Column0>
     <Column1>str</Column1>
     <Column2>1</Column2>

</ListItems><ListItems>
     <Column0>lAddressTwo3</Column0>
     <Column1>str</Column1>
     <Column2>30</Column2>

</ListItems><ListItems>
     <Column0>lChkAdres52</Column0>
     <Column1>str</Column1>
     <Column2>24</Column2>

</ListItems><ListItems>
     <Column0>lState4</Column0>
     <Column1>str</Column1>
     <Column2>2</Column2>

</ListItems><ListItems>
     <Column0>lCode202</Column0>
     <Column1>str</Column1>
     <Column2>20</Column2>

</ListItems><ListItems>
     <Column0>lPostal1</Column0>
     <Column1>str</Column1>
     <Column2>10</Column2>

</ListItems><ListItems>
     <Column0>lAddressOne</Column0>
     <Column1>str</Column1>
     <Column2>30</Column2>

</ListItems><ListItems>
     <Column0>lChkAdres62</Column0>
     <Column1>str</Column1>
     <Column2>24</Column2>

</ListItems><ListItems>
     <Column0>lState1</Column0>
     <Column1>str</Column1>
     <Column2>2</Column2>

</ListItems><ListItems>
     <Column0>lCode203</Column0>
     <Column1>str</Column1>
     <Column2>20</Column2>

</ListItems><ListItems>
     <Column0>lPostal2</Column0>
     <Column1>str</Column1>
     <Column2>10</Column2>

</ListItems><ListItems>
     <Column0>lHomePhone</Column0>
     <Column1>str</Column1>
     <Column2>10</Column2>

</ListItems><ListItems>
     <Column0>lEmpPhone</Column0>
     <Column1>str</Column1>
     <Column2>10</Column2>

</ListItems><ListItems>
     <Column0>lSELECT62</Column0>
     <Column1>str</Column1>
     <Column2>1</Column2>

</ListItems><ListItems>
     <Column0>lAcctNum</Column0>
     <Column1>num</Column1>
     <Column2>16</Column2>

</ListItems><ListItems>
     <Column0>lCredName</Column0>
     <Column1>str</Column1>
     <Column2>20</Column2>

</ListItems><ListItems>
     <Column0>lDirectPayAdd</Column0>
     <Column1>str</Column1>
     <Column2>30</Column2>

</ListItems><ListItems>
     <Column0>lDirectPayCity</Column0>
     <Column1>str</Column1>
     <Column2>20</Column2>

</ListItems><ListItems>
     <Column0>lDirectPayState</Column0>
     <Column1>str</Column1>
     <Column2>2</Column2>

</ListItems><ListItems>
     <Column0>lDirectPayZip</Column0>
     <Column1>str</Column1>
     <Column2>5</Column2>

</ListItems><ListItems>
     <Column0>lCheckAmt2</Column0>
     <Column1>num</Column1>
     <Column2>6</Column2>

</ListItems><ListItems>
     <Column0>lRouter</Column0>
     <Column1>num</Column1>
     <Column2>9</Column2>

</ListItems><ListItems>
     <Column0>lAcctNum2</Column0>
     <Column1>num</Column1>
     <Column2>16</Column2>

</ListItems><ListItems>
     <Column0>lBankName</Column0>
     <Column1>str</Column1>
     <Column2>20</Column2>

</ListItems><ListItems>
     <Column0>lCheckAmt3</Column0>
     <Column1>num</Column1>
     <Column2>6</Column2>

</ListItems><ListItems>
     <Column0>lSELECT63</Column0>
     <Column1>str</Column1>
     <Column2>1</Column2>

</ListItems><ListItems>
     <Column0>lAcctNum3</Column0>
     <Column1>num</Column1>
     <Column2>16</Column2>

</ListItems><ListItems>
     <Column0>lCredName2</Column0>
     <Column1>str</Column1>
     <Column2>20</Column2>

</ListItems><ListItems>
     <Column0>lDirectPayAdd2</Column0>
     <Column1>str</Column1>
     <Column2>30</Column2>

</ListItems><ListItems>
     <Column0>lDirectPayCity2</Column0>
     <Column1>str</Column1>
     <Column2>20</Column2>

</ListItems><ListItems>
     <Column0>lDirectPayState2</Column0>
     <Column1>str</Column1>
     <Column2>2</Column2>

</ListItems><ListItems>
     <Column0>lDirectPayZip2</Column0>
     <Column1>str</Column1>
     <Column2>5</Column2>

</ListItems><ListItems>
     <Column0>lCheckAmt4</Column0>
     <Column1>num</Column1>
     <Column2>6</Column2>

</ListItems><ListItems>
     <Column0>lSELECT64</Column0>
     <Column1>str</Column1>
     <Column2>1</Column2>

</ListItems><ListItems>
     <Column0>lAcctNum4</Column0>
     <Column1>num</Column1>
     <Column2>16</Column2>

</ListItems><ListItems>
     <Column0>lCredName3</Column0>
     <Column1>str</Column1>
     <Column2>20</Column2>

</ListItems><ListItems>
     <Column0>lDirectPayAdd3</Column0>
     <Column1>str</Column1>
     <Column2>30</Column2>

</ListItems><ListItems>
     <Column0>lDirectPayCity3</Column0>
     <Column1>str</Column1>
     <Column2>20</Column2>

</ListItems><ListItems>
     <Column0>lDirectPayState3</Column0>
     <Column1>str</Column1>
     <Column2>2</Column2>

</ListItems><ListItems>
     <Column0>lDirectPayZip3</Column0>
     <Column1>str</Column1>
     <Column2>5</Column2>

</ListItems><ListItems>
     <Column0>lCheckAmt5</Column0>
     <Column1>num</Column1>
     <Column2>6</Column2>

</ListItems><ListItems>
     <Column0>lmailFname</Column0>
     <Column1>str</Column1>
     <Column2>16</Column2>

</ListItems><ListItems>
     <Column0>lmailMname</Column0>
     <Column1>str</Column1>
     <Column2>1</Column2>

</ListItems><ListItems>
     <Column0>lmailLname</Column0>
     <Column1>str</Column1>
     <Column2>16</Column2>

</ListItems><ListItems>
     <Column0>lmailAdd1</Column0>
     <Column1>str</Column1>
     <Column2>25</Column2>

</ListItems><ListItems>
     <Column0>lmailAdd2</Column0>
     <Column1>str</Column1>
     <Column2>25</Column2>

</ListItems><ListItems>
     <Column0>lmailCity</Column0>
     <Column1>str</Column1>
     <Column2>28</Column2>

</ListItems><ListItems>
     <Column0>lmailState</Column0>
     <Column1>str</Column1>
     <Column2>2</Column2>

</ListItems><ListItems>
     <Column0>lmailZip</Column0>
     <Column1>str</Column1>
     <Column2>6</Column2>

</ListItems><ListItems>
     <Column0>lSocialNum</Column0>
     <Column1>num</Column1>
     <Column2>9</Column2>

</ListItems><ListItems>
     <Column0>lC60</Column0>
     <Column1>str</Column1>
     <Column2>60</Column2>

</ListItems><ListItems>
     <Column0>lStartDay</Column0>
     <Column1>str</Column1>
     <Column2>8</Column2>

</ListItems><ListItems>
     <Column0>lOfferTyp</Column0>
     <Column1>str</Column1>
     <Column2>13</Column2>

</ListItems><ListItems>
     <Column0>lResNo</Column0>
     <Column1>num</Column1>
     <Column2>10</Column2>

</ListItems><ListItems>
     <Column0>lSel85</Column0>
     <Column1>str</Column1>
     <Column2>1</Column2>

</ListItems><ListItems>
     <Column0>lmailZip</Column0>
     <Column1>str</Column1>
     <Column2>5</Column2>

</ListItems><ListItems>
     <Column0>lmailFname</Column0>
     <Column1>str</Column1>
     <Column2>16</Column2>

</ListItems><ListItems>
     <Column0>lmailLname</Column0>
     <Column1>str</Column1>
     <Column2>16</Column2>

</ListItems><ListItems>
     <Column0>lmailAdd1</Column0>
     <Column1>str</Column1>
     <Column2>25</Column2>

</ListItems><ListItems>
     <Column0>lmailAdd2</Column0>
     <Column1>str</Column1>
     <Column2>25</Column2>

</ListItems><ListItems>
     <Column0>lmailCity</Column0>
     <Column1>str</Column1>
     <Column2>28</Column2>

</ListItems><ListItems>
     <Column0>lmailState</Column0>
     <Column1>str</Column1>
     <Column2>2</Column2>

</ListItems><ListItems>
     <Column0>lResNo2</Column0>
     <Column1>num</Column1>
     <Column2>10</Column2>

</ListItems></lSecureChangeRequest>
