﻿<LSOURCECODELIST>
<ListItems>
<Column0>F6RY</Column0>
</ListItems><ListItems>
<Column0>F7OL</Column0>
</ListItems><ListItems>
<Column0>F7PM</Column0>
</ListItems><ListItems>
<Column0>F7PN</Column0>
</ListItems><ListItems>
<Column0>F7Q3</Column0>
</ListItems><ListItems>
<Column0>F7Q4</Column0>
</ListItems><ListItems>
<Column0>F7Q5</Column0>
</ListItems><ListItems>
<Column0>F7RG</Column0>
</ListItems><ListItems>
<Column0>F7RH</Column0>
</ListItems><ListItems>
<Column0>F866</Column0>
</ListItems><ListItems>
<Column0>F86M</Column0>
</ListItems><ListItems>
<Column0>F8CV</Column0>
</ListItems><ListItems>
<Column0>F8ZP</Column0>
</ListItems><ListItems>
<Column0>FKC3</Column0>
</ListItems><ListItems>
<Column0>FU76</Column0>
</ListItems><ListItems>
<Column0>L38C</Column0>
</ListItems><ListItems>
<Column0>L3HB</Column0>
</ListItems><ListItems>
<Column0>L3HL</Column0>
</ListItems><ListItems>
<Column0>L3HP</Column0>
</ListItems><ListItems>
<Column0>L3HU</Column0>
</ListItems><ListItems>
<Column0>L3HW</Column0>
</ListItems><ListItems>
<Column0>L3HY</Column0>
</ListItems><ListItems>
<Column0>L3IO</Column0>
</ListItems><ListItems>
<Column0>L3IR</Column0>
</ListItems><ListItems>
<Column0>L3IT</Column0>
</ListItems><ListItems>
<Column0>L3LG</Column0>
</ListItems><ListItems>
<Column0>L3LH</Column0>
</ListItems><ListItems>
<Column0>L3LI</Column0>
</ListItems><ListItems>
<Column0>L3LO</Column0>
</ListItems><ListItems>
<Column0>L3LP</Column0>
</ListItems><ListItems>
<Column0>L3LR</Column0>
</ListItems><ListItems>
<Column0>L3LT</Column0>
</ListItems><ListItems>
<Column0>L3LZ</Column0>
</ListItems><ListItems>
<Column0>L3MR</Column0>
</ListItems><ListItems>
<Column0>L3N5</Column0>
</ListItems><ListItems>
<Column0>L3NB</Column0>
</ListItems><ListItems>
<Column0>L3NE</Column0>
</ListItems><ListItems>
<Column0>L3NF</Column0>
</ListItems><ListItems>
<Column0>L3NG</Column0>
</ListItems><ListItems>
<Column0>L3NH</Column0>
</ListItems><ListItems>
<Column0>L3NJ</Column0>
</ListItems><ListItems>
<Column0>L3NK</Column0>
</ListItems><ListItems>
<Column0>L3NO</Column0>
</ListItems><ListItems>
<Column0>L3NQ</Column0>
</ListItems><ListItems>
<Column0>L3OJ</Column0>
</ListItems><ListItems>
<Column0>L3PQ</Column0>
</ListItems><ListItems>
<Column0>L3PV</Column0>
</ListItems><ListItems>
<Column0>L3PW</Column0>
</ListItems><ListItems>
<Column0>L3RB</Column0>
</ListItems><ListItems>
<Column0>L3RE</Column0>
</ListItems><ListItems>
<Column0>L3RG</Column0>
</ListItems><ListItems>
<Column0>L3RJ</Column0>
</ListItems><ListItems>
<Column0>L3RR</Column0>
</ListItems><ListItems>
<Column0>L3RX</Column0>
</ListItems><ListItems>
<Column0>L3S6</Column0>
</ListItems><ListItems>
<Column0>L3SU</Column0>
</ListItems><ListItems>
<Column0>L3SZ</Column0>
</ListItems><ListItems>
<Column0>L3TA</Column0>
</ListItems><ListItems>
<Column0>L3U8</Column0>
</ListItems><ListItems>
<Column0>L3UX</Column0>
</ListItems><ListItems>
<Column0>L3UZ</Column0>
</ListItems><ListItems>
<Column0>L3VB</Column0>
</ListItems><ListItems>
<Column0>L3VK</Column0>
</ListItems><ListItems>
<Column0>L3VM</Column0>
</ListItems><ListItems>
<Column0>L3VZ</Column0>
</ListItems><ListItems>
<Column0>L3XT</Column0>
</ListItems><ListItems>
<Column0>L44Q</Column0>
</ListItems><ListItems>
<Column0>L44S</Column0>
</ListItems><ListItems>
<Column0>L44T</Column0>
</ListItems><ListItems>
<Column0>L44U</Column0>
</ListItems><ListItems>
<Column0>L44W</Column0>
</ListItems><ListItems>
<Column0>L44X</Column0>
</ListItems><ListItems>
<Column0>L44Y</Column0>
</ListItems><ListItems>
<Column0>L46I</Column0>
</ListItems><ListItems>
<Column0>L47V</Column0>
</ListItems><ListItems>
<Column0>L492</Column0>
</ListItems><ListItems>
<Column0>L493</Column0>
</ListItems><ListItems>
<Column0>L495</Column0>
</ListItems><ListItems>
<Column0>L496</Column0>
</ListItems><ListItems>
<Column0>L497</Column0>
</ListItems><ListItems>
<Column0>L499</Column0>
</ListItems><ListItems>
<Column0>L49X</Column0>
</ListItems><ListItems>
<Column0>L4AE</Column0>
</ListItems><ListItems>
<Column0>L4J8</Column0>
</ListItems><ListItems>
<Column0>L4KI</Column0>
</ListItems><ListItems>
<Column0>L4L5</Column0>
</ListItems><ListItems>
<Column0>L4L7</Column0>
</ListItems><ListItems>
<Column0>L4L9</Column0>
</ListItems><ListItems>
<Column0>L4LI</Column0>
</ListItems><ListItems>
<Column0>L4LT</Column0>
</ListItems><ListItems>
<Column0>L4MI</Column0>
</ListItems><ListItems>
<Column0>L4U2</Column0>
</ListItems><ListItems>
<Column0>L4U4</Column0>
</ListItems><ListItems>
<Column0>L4UP</Column0>
</ListItems><ListItems>
<Column0>L4UQ</Column0>
</ListItems><ListItems>
<Column0>L4VW</Column0>
</ListItems><ListItems>
<Column0>L523</Column0>
</ListItems><ListItems>
<Column0>L525</Column0>
</ListItems><ListItems>
<Column0>L527</Column0>
</ListItems><ListItems>
<Column0>L529</Column0>
</ListItems><ListItems>
<Column0>L52D</Column0>
</ListItems><ListItems>
<Column0>L52E</Column0>
</ListItems><ListItems>
<Column0>L52H</Column0>
</ListItems><ListItems>
<Column0>L52I</Column0>
</ListItems><ListItems>
<Column0>L52J</Column0>
</ListItems><ListItems>
<Column0>L52S</Column0>
</ListItems><ListItems>
<Column0>L53B</Column0>
</ListItems><ListItems>
<Column0>L53D</Column0>
</ListItems><ListItems>
<Column0>L53I</Column0>
</ListItems><ListItems>
<Column0>L55H</Column0>
</ListItems><ListItems>
<Column0>L5A2</Column0>
</ListItems><ListItems>
<Column0>L5A3</Column0>
</ListItems><ListItems>
<Column0>L5AA</Column0>
</ListItems><ListItems>
<Column0>L5I4</Column0>
</ListItems><ListItems>
<Column0>L5JI</Column0>
</ListItems><ListItems>
<Column0>L5JL</Column0>
</ListItems><ListItems>
<Column0>L5JR</Column0>
</ListItems><ListItems>
<Column0>L5JT</Column0>
</ListItems><ListItems>
<Column0>L5ZD</Column0>
</ListItems><ListItems>
<Column0>L6B5</Column0>
</ListItems><ListItems>
<Column0>L6B6</Column0>
</ListItems><ListItems>
<Column0>L6B7</Column0>
</ListItems><ListItems>
<Column0>L6B8</Column0>
</ListItems><ListItems>
<Column0>L6BT</Column0>
</ListItems><ListItems>
<Column0>L6BW</Column0>
</ListItems><ListItems>
<Column0>L6BY</Column0>
</ListItems><ListItems>
<Column0>L6CN</Column0>
</ListItems><ListItems>
<Column0>L6TF</Column0>
</ListItems><ListItems>
<Column0>LAJ8</Column0>
</ListItems><ListItems>
<Column0>LBC7</Column0>
</ListItems><ListItems>
<Column0>LBC8</Column0>
</ListItems><ListItems>
<Column0>LBC9</Column0>
</ListItems><ListItems>
<Column0>LBD2</Column0>
</ListItems><ListItems>
<Column0>LC9H</Column0>
</ListItems><ListItems>
<Column0>LC9J</Column0>
</ListItems><ListItems>
<Column0>LC9Y</Column0>
</ListItems><ListItems>
<Column0>LCP9</Column0>
</ListItems><ListItems>
<Column0>LD23</Column0>
</ListItems><ListItems>
<Column0>LD2Q</Column0>
</ListItems><ListItems>
<Column0>LD2R</Column0>
</ListItems><ListItems>
<Column0>LD2T</Column0>
</ListItems><ListItems>
<Column0>LD36</Column0>
</ListItems><ListItems>
<Column0>LD39</Column0>
</ListItems><ListItems>
<Column0>LD3C</Column0>
</ListItems><ListItems>
<Column0>LD3D</Column0>
</ListItems><ListItems>
<Column0>LD3E</Column0>
</ListItems><ListItems>
<Column0>LD3F</Column0>
</ListItems><ListItems>
<Column0>LD3G</Column0>
</ListItems><ListItems>
<Column0>LD3J</Column0>
</ListItems><ListItems>
<Column0>LD3K</Column0>
</ListItems><ListItems>
<Column0>LD3M</Column0>
</ListItems><ListItems>
<Column0>LD3N</Column0>
</ListItems><ListItems>
<Column0>LD3Q</Column0>
</ListItems><ListItems>
<Column0>LD3S</Column0>
</ListItems><ListItems>
<Column0>LD3V</Column0>
</ListItems><ListItems>
<Column0>LD3X</Column0>
</ListItems><ListItems>
<Column0>LD4D</Column0>
</ListItems><ListItems>
<Column0>LD4H</Column0>
</ListItems><ListItems>
<Column0>LD4L</Column0>
</ListItems><ListItems>
<Column0>LD4N</Column0>
</ListItems><ListItems>
<Column0>LD4O</Column0>
</ListItems><ListItems>
<Column0>LD4P</Column0>
</ListItems><ListItems>
<Column0>LD4U</Column0>
</ListItems><ListItems>
<Column0>LD54</Column0>
</ListItems><ListItems>
<Column0>LD55</Column0>
</ListItems><ListItems>
<Column0>LD58</Column0>
</ListItems><ListItems>
<Column0>LD5L</Column0>
</ListItems><ListItems>
<Column0>LD5S</Column0>
</ListItems><ListItems>
<Column0>LD5T</Column0>
</ListItems><ListItems>
<Column0>LD5U</Column0>
</ListItems><ListItems>
<Column0>LD5V</Column0>
</ListItems><ListItems>
<Column0>LD5X</Column0>
</ListItems><ListItems>
<Column0>LD5Z</Column0>
</ListItems><ListItems>
<Column0>LD6A</Column0>
</ListItems><ListItems>
<Column0>LD6B</Column0>
</ListItems><ListItems>
<Column0>LD6D</Column0>
</ListItems><ListItems>
<Column0>LD6F</Column0>
</ListItems><ListItems>
<Column0>LD6I</Column0>
</ListItems><ListItems>
<Column0>LD6M</Column0>
</ListItems><ListItems>
<Column0>LDB3</Column0>
</ListItems><ListItems>
<Column0>LDC3</Column0>
</ListItems><ListItems>
<Column0>LDC8</Column0>
</ListItems><ListItems>
<Column0>LDC9</Column0>
</ListItems><ListItems>
<Column0>LDD2</Column0>
</ListItems><ListItems>
<Column0>LDD4</Column0>
</ListItems><ListItems>
<Column0>LDE3</Column0>
</ListItems><ListItems>
<Column0>LDE7</Column0>
</ListItems><ListItems>
<Column0>LDF2</Column0>
</ListItems><ListItems>
<Column0>LDF3</Column0>
</ListItems><ListItems>
<Column0>LDF5</Column0>
</ListItems><ListItems>
<Column0>LDF6</Column0>
</ListItems><ListItems>
<Column0>LDF7</Column0>
</ListItems><ListItems>
<Column0>LDFW</Column0>
</ListItems><ListItems>
<Column0>LDH8</Column0>
</ListItems><ListItems>
<Column0>LDH9</Column0>
</ListItems><ListItems>
<Column0>LDI4</Column0>
</ListItems><ListItems>
<Column0>LDI6</Column0>
</ListItems><ListItems>
<Column0>LDI7</Column0>
</ListItems><ListItems>
<Column0>LDI9</Column0>
</ListItems><ListItems>
<Column0>LDJ2</Column0>
</ListItems><ListItems>
<Column0>LDL2</Column0>
</ListItems><ListItems>
<Column0>LE9L</Column0>
</ListItems><ListItems>
<Column0>LE9M</Column0>
</ListItems><ListItems>
<Column0>LG29</Column0>
</ListItems><ListItems>
<Column0>LG2D</Column0>
</ListItems><ListItems>
<Column0>LG2E</Column0>
</ListItems><ListItems>
<Column0>LG2F</Column0>
</ListItems><ListItems>
<Column0>LG2U</Column0>
</ListItems><ListItems>
<Column0>LG2Z</Column0>
</ListItems><ListItems>
<Column0>LG3C</Column0>
</ListItems><ListItems>
<Column0>LG3H</Column0>
</ListItems><ListItems>
<Column0>LG3I</Column0>
</ListItems><ListItems>
<Column0>LG3J</Column0>
</ListItems><ListItems>
<Column0>LG3K</Column0>
</ListItems><ListItems>
<Column0>LG4B</Column0>
</ListItems><ListItems>
<Column0>LG4D</Column0>
</ListItems><ListItems>
<Column0>LG4G</Column0>
</ListItems><ListItems>
<Column0>LG4H</Column0>
</ListItems><ListItems>
<Column0>LG5R</Column0>
</ListItems><ListItems>
<Column0>LG5T</Column0>
</ListItems><ListItems>
<Column0>LG5Z</Column0>
</ListItems><ListItems>
<Column0>LGQ2</Column0>
</ListItems><ListItems>
<Column0>LGX2</Column0>
</ListItems><ListItems>
<Column0>LGX3</Column0>
</ListItems><ListItems>
<Column0>LGX4</Column0>
</ListItems><ListItems>
<Column0>LH87</Column0>
</ListItems><ListItems>
<Column0>LH9F</Column0>
</ListItems><ListItems>
<Column0>LH9L</Column0>
</ListItems><ListItems>
<Column0>LH9Q</Column0>
</ListItems><ListItems>
<Column0>LI24</Column0>
</ListItems><ListItems>
<Column0>LI28</Column0>
</ListItems><ListItems>
<Column0>LI2D</Column0>
</ListItems><ListItems>
<Column0>LI2M</Column0>
</ListItems><ListItems>
<Column0>LI2S</Column0>
</ListItems><ListItems>
<Column0>LI38</Column0>
</ListItems><ListItems>
<Column0>LI7G</Column0>
</ListItems><ListItems>
<Column0>LI7O</Column0>
</ListItems><ListItems>
<Column0>LI7P</Column0>
</ListItems><ListItems>
<Column0>LI7Q</Column0>
</ListItems><ListItems>
<Column0>LI7R</Column0>
</ListItems><ListItems>
<Column0>LI7S</Column0>
</ListItems><ListItems>
<Column0>LI7T</Column0>
</ListItems><ListItems>
<Column0>LI89</Column0>
</ListItems><ListItems>
<Column0>LIA4</Column0>
</ListItems><ListItems>
<Column0>LIA6</Column0>
</ListItems><ListItems>
<Column0>LID5</Column0>
</ListItems><ListItems>
<Column0>LID9</Column0>
</ListItems><ListItems>
<Column0>LIF8</Column0>
</ListItems><ListItems>
<Column0>LIF9</Column0>
</ListItems><ListItems>
<Column0>LII2</Column0>
</ListItems><ListItems>
<Column0>LII7</Column0>
</ListItems><ListItems>
<Column0>LIRN</Column0>
</ListItems><ListItems>
<Column0>LIV7</Column0>
</ListItems><ListItems>
<Column0>LIV9</Column0>
</ListItems><ListItems>
<Column0>LIW9</Column0>
</ListItems><ListItems>
<Column0>LIX4</Column0>
</ListItems><ListItems>
<Column0>LIY6</Column0>
</ListItems><ListItems>
<Column0>LIZ3</Column0>
</ListItems><ListItems>
<Column0>LIZ9</Column0>
</ListItems><ListItems>
<Column0>LJ3R</Column0>
</ListItems><ListItems>
<Column0>LJ3S</Column0>
</ListItems><ListItems>
<Column0>LJ3T</Column0>
</ListItems><ListItems>
<Column0>LJ5C</Column0>
</ListItems><ListItems>
<Column0>LJ5D</Column0>
</ListItems><ListItems>
<Column0>LJ5F</Column0>
</ListItems><ListItems>
<Column0>LJ5L</Column0>
</ListItems><ListItems>
<Column0>LJ8G</Column0>
</ListItems><ListItems>
<Column0>LJ8H</Column0>
</ListItems><ListItems>
<Column0>LJ8U</Column0>
</ListItems><ListItems>
<Column0>LJ8X</Column0>
</ListItems><ListItems>
<Column0>LJC4</Column0>
</ListItems><ListItems>
<Column0>LJF4</Column0>
</ListItems><ListItems>
<Column0>LJH4</Column0>
</ListItems><ListItems>
<Column0>LJH6</Column0>
</ListItems><ListItems>
<Column0>LJH9</Column0>
</ListItems><ListItems>
<Column0>LJI6</Column0>
</ListItems><ListItems>
<Column0>LJI9</Column0>
</ListItems><ListItems>
<Column0>LJK5</Column0>
</ListItems><ListItems>
<Column0>LJK7</Column0>
</ListItems><ListItems>
<Column0>LJL5</Column0>
</ListItems><ListItems>
<Column0>LJL8</Column0>
</ListItems><ListItems>
<Column0>LJL9</Column0>
</ListItems><ListItems>
<Column0>LJP7</Column0>
</ListItems><ListItems>
<Column0>LJV2</Column0>
</ListItems><ListItems>
<Column0>LJV3</Column0>
</ListItems><ListItems>
<Column0>LJV4</Column0>
</ListItems><ListItems>
<Column0>LJV5</Column0>
</ListItems><ListItems>
<Column0>LJV6</Column0>
</ListItems><ListItems>
<Column0>LJV8</Column0>
</ListItems><ListItems>
<Column0>LJV9</Column0>
</ListItems><ListItems>
<Column0>LJW2</Column0>
</ListItems><ListItems>
<Column0>LJW4</Column0>
</ListItems><ListItems>
<Column0>LJW5</Column0>
</ListItems><ListItems>
<Column0>LJW7</Column0>
</ListItems><ListItems>
<Column0>LJW8</Column0>
</ListItems><ListItems>
<Column0>LJW9</Column0>
</ListItems><ListItems>
<Column0>LJX2</Column0>
</ListItems><ListItems>
<Column0>LJX3</Column0>
</ListItems><ListItems>
<Column0>LJX8</Column0>
</ListItems><ListItems>
<Column0>LJX9</Column0>
</ListItems><ListItems>
<Column0>LJY2</Column0>
</ListItems><ListItems>
<Column0>LJY3</Column0>
</ListItems><ListItems>
<Column0>LJY4</Column0>
</ListItems><ListItems>
<Column0>LJY5</Column0>
</ListItems><ListItems>
<Column0>LJY7</Column0>
</ListItems><ListItems>
<Column0>LJZ2</Column0>
</ListItems><ListItems>
<Column0>LK23</Column0>
</ListItems><ListItems>
<Column0>LK24</Column0>
</ListItems><ListItems>
<Column0>LK26</Column0>
</ListItems><ListItems>
<Column0>LK27</Column0>
</ListItems><ListItems>
<Column0>LK2B</Column0>
</ListItems><ListItems>
<Column0>LK2C</Column0>
</ListItems><ListItems>
<Column0>LK2D</Column0>
</ListItems><ListItems>
<Column0>LK2E</Column0>
</ListItems><ListItems>
<Column0>LK2G</Column0>
</ListItems><ListItems>
<Column0>LK2H</Column0>
</ListItems><ListItems>
<Column0>LK2I</Column0>
</ListItems><ListItems>
<Column0>LK2J</Column0>
</ListItems><ListItems>
<Column0>LK2N</Column0>
</ListItems><ListItems>
<Column0>LK2U</Column0>
</ListItems><ListItems>
<Column0>LK2Y</Column0>
</ListItems><ListItems>
<Column0>LK66</Column0>
</ListItems><ListItems>
<Column0>LK7N</Column0>
</ListItems><ListItems>
<Column0>LK7R</Column0>
</ListItems><ListItems>
<Column0>LK7U</Column0>
</ListItems><ListItems>
<Column0>LK7V</Column0>
</ListItems><ListItems>
<Column0>LK7W</Column0>
</ListItems><ListItems>
<Column0>LK7X</Column0>
</ListItems><ListItems>
<Column0>LK7Y</Column0>
</ListItems><ListItems>
<Column0>LK87</Column0>
</ListItems><ListItems>
<Column0>LK8R</Column0>
</ListItems><ListItems>
<Column0>LK96</Column0>
</ListItems><ListItems>
<Column0>LK9R</Column0>
</ListItems><ListItems>
<Column0>LK9T</Column0>
</ListItems><ListItems>
<Column0>LK9V</Column0>
</ListItems><ListItems>
<Column0>LKH7</Column0>
</ListItems><ListItems>
<Column0>LKH8</Column0>
</ListItems><ListItems>
<Column0>LKO7</Column0>
</ListItems><ListItems>
<Column0>LKT7</Column0>
</ListItems><ListItems>
<Column0>LKT8</Column0>
</ListItems><ListItems>
<Column0>LKU3</Column0>
</ListItems><ListItems>
<Column0>LKU4</Column0>
</ListItems><ListItems>
<Column0>LKU5</Column0>
</ListItems><ListItems>
<Column0>LKU6</Column0>
</ListItems><ListItems>
<Column0>LKU8</Column0>
</ListItems><ListItems>
<Column0>LKV2</Column0>
</ListItems><ListItems>
<Column0>LKZ2</Column0>
</ListItems><ListItems>
<Column0>LKZ7</Column0>
</ListItems><ListItems>
<Column0>LL95</Column0>
</ListItems><ListItems>
<Column0>LL9I</Column0>
</ListItems><ListItems>
<Column0>LLA3</Column0>
</ListItems><ListItems>
<Column0>LLA7</Column0>
</ListItems><ListItems>
<Column0>LLB5</Column0>
</ListItems><ListItems>
<Column0>LLC8</Column0>
</ListItems><ListItems>
<Column0>LLC9</Column0>
</ListItems><ListItems>
<Column0>LLD3</Column0>
</ListItems><ListItems>
<Column0>LLD5</Column0>
</ListItems><ListItems>
<Column0>LLE3</Column0>
</ListItems><ListItems>
<Column0>LLE4</Column0>
</ListItems><ListItems>
<Column0>LLE5</Column0>
</ListItems><ListItems>
<Column0>LLE6</Column0>
</ListItems><ListItems>
<Column0>LLF5</Column0>
</ListItems><ListItems>
<Column0>LLF6</Column0>
</ListItems><ListItems>
<Column0>LLI5</Column0>
</ListItems><ListItems>
<Column0>LLI6</Column0>
</ListItems><ListItems>
<Column0>LMC2</Column0>
</ListItems><ListItems>
<Column0>LMH6</Column0>
</ListItems><ListItems>
<Column0>LMP6</Column0>
</ListItems><ListItems>
<Column0>LNA4</Column0>
</ListItems><ListItems>
<Column0>LNC4</Column0>
</ListItems><ListItems>
<Column0>LNF2</Column0>
</ListItems><ListItems>
<Column0>LOH5</Column0>
</ListItems><ListItems>
<Column0>LQ4Q</Column0>
</ListItems><ListItems>
<Column0>LQB3</Column0>
</ListItems><ListItems>
<Column0>LQG4</Column0>
</ListItems><ListItems>
<Column0>LQI8</Column0>
</ListItems><ListItems>
<Column0>LR2Q</Column0>
</ListItems><ListItems>
<Column0>LR3D</Column0>
</ListItems><ListItems>
<Column0>LY6X</Column0>
</ListItems><ListItems>
<Column0>LY6Y</Column0>
</ListItems><ListItems>
<Column0>LY88</Column0>
</ListItems><ListItems>
<Column0>LY89</Column0>
</ListItems><ListItems>
<Column0>LY8S</Column0>
</ListItems><ListItems>
<Column0>LY8U</Column0>
</ListItems><ListItems>
<Column0>LY8W</Column0>
</ListItems><ListItems>
<Column0>LY8Y</Column0>
</ListItems><ListItems>
<Column0>LY92</Column0>
</ListItems><ListItems>
<Column0>LY93</Column0>
</ListItems><ListItems>
<Column0>LY94</Column0>
</ListItems><ListItems>
<Column0>LY95</Column0>
</ListItems><ListItems>
<Column0>LY97</Column0>
</ListItems><ListItems>
<Column0>LY9D</Column0>
</ListItems><ListItems>
<Column0>LY9E</Column0>
</ListItems><ListItems>
<Column0>LY9F</Column0>
</ListItems><ListItems>
<Column0>LY9G</Column0>
</ListItems><ListItems>
<Column0>LY9H</Column0>
</ListItems><ListItems>
<Column0>LY9I</Column0>
</ListItems><ListItems>
<Column0>LY9J</Column0>
</ListItems><ListItems>
<Column0>LY9K</Column0>
</ListItems><ListItems>
<Column0>LY9L</Column0>
</ListItems><ListItems>
<Column0>LY9M</Column0>
</ListItems><ListItems>
<Column0>LY9O</Column0>
</ListItems><ListItems>
<Column0>LY9P</Column0>
</ListItems><ListItems>
<Column0>LY9R</Column0>
</ListItems><ListItems>
<Column0>LY9T</Column0>
</ListItems><ListItems>
<Column0>LY9U</Column0>
</ListItems><ListItems>
<Column0>LY9V</Column0>
</ListItems><ListItems>
<Column0>LY9W</Column0>
</ListItems><ListItems>
<Column0>LY9X</Column0>
</ListItems><ListItems>
<Column0>LY9Y</Column0>
</ListItems><ListItems>
<Column0>LY9Z</Column0>
</ListItems><ListItems>
<Column0>LZA5</Column0>
</ListItems><ListItems>
<Column0>LZA6</Column0>
</ListItems><ListItems>
<Column0>LZA7</Column0>
</ListItems><ListItems>
<Column0>LZA9</Column0>
</ListItems><ListItems>
<Column0>LZB3</Column0>
</ListItems><ListItems>
<Column0>LZG2</Column0>
</ListItems><ListItems>
<Column0>LZG7</Column0>
</ListItems><ListItems>
<Column0>LZG9</Column0>
</ListItems><ListItems>
<Column0>LZH2</Column0>
</ListItems><ListItems>
<Column0>LZH5</Column0>
</ListItems><ListItems>
<Column0>LZH6</Column0>
</ListItems><ListItems>
<Column0>LZH7</Column0>
</ListItems><ListItems>
<Column0>LZH9</Column0>
</ListItems><ListItems>
<Column0>LZI2</Column0>
</ListItems><ListItems>
<Column0>LZI3</Column0>
</ListItems><ListItems>
<Column0>LZI4</Column0>
</ListItems><ListItems>
<Column0>LZI5</Column0>
</ListItems><ListItems>
<Column0>LZI7</Column0>
</ListItems><ListItems>
<Column0>LZI8</Column0>
</ListItems><ListItems>
<Column0>LZI9</Column0>
</ListItems><ListItems>
<Column0>LZJ2</Column0>
</ListItems><ListItems>
<Column0>LZJ3</Column0>
</ListItems><ListItems>
<Column0>LZJ5</Column0>
</ListItems><ListItems>
<Column0>LZJ6</Column0>
</ListItems><ListItems>
<Column0>LZJ7</Column0>
</ListItems><ListItems>
<Column0>LZJ8</Column0>
</ListItems><ListItems>
<Column0>LZJ9</Column0>
</ListItems><ListItems>
<Column0>LZK2</Column0>
</ListItems><ListItems>
<Column0>LZK3</Column0>
</ListItems><ListItems>
<Column0>LZK4</Column0>
</ListItems><ListItems>
<Column0>LZK5</Column0>
</ListItems><ListItems>
<Column0>LZK6</Column0>
</ListItems><ListItems>
<Column0>LZK8</Column0>
</ListItems><ListItems>
<Column0>LZL2</Column0>
</ListItems><ListItems>
<Column0>LZR5</Column0>
</ListItems><ListItems>
<Column0>LZR9</Column0>
</ListItems><ListItems>
<Column0>LZS3</Column0>
</ListItems><ListItems>
<Column0>LZS7</Column0>
</ListItems><ListItems>
<Column0>LZS9</Column0>
</ListItems><ListItems>
<Column0>LZU2</Column0>
</ListItems><ListItems>
<Column0>LZU4</Column0>
</ListItems><ListItems>
<Column0>LZU7</Column0>
</ListItems><ListItems>
<Column0>LZU9</Column0>
</ListItems><ListItems>
<Column0>LZV2</Column0>
</ListItems><ListItems>
<Column0>LZV7</Column0>
</ListItems><ListItems>
<Column0>LZW3</Column0>
</ListItems><ListItems>
<Column0>LZW7</Column0>
</ListItems><ListItems>
<Column0>LZX3</Column0>
</ListItems><ListItems>
<Column0>L45Y</Column0>
</ListItems><ListItems>
<Column0>L46A</Column0>
</ListItems><ListItems>
<Column0>L458</Column0>
</ListItems><ListItems>
<Column0>L45W</Column0>
</ListItems><ListItems>
<Column0>L44O</Column0>
</ListItems><ListItems>
<Column0>KW7Q</Column0>
</ListItems><ListItems>
<Column0>KW8C</Column0>
</ListItems><ListItems>
<Column0>KWA7</Column0>
</ListItems><ListItems>
<Column0>KWA9</Column0>
</ListItems><ListItems>
<Column0>KWB2</Column0>
</ListItems><ListItems>
<Column0>L46B</Column0>
</ListItems><ListItems>
<Column0>L3X6</Column0>
</ListItems><ListItems>
<Column0>L4XW</Column0>
</ListItems><ListItems>
<Column0>L4VD</Column0>
</ListItems><ListItems>
<Column0>KY52</Column0>
</ListItems><ListItems>
<Column0>KY53</Column0>
</ListItems><ListItems>
<Column0>KY54</Column0>
</ListItems><ListItems>
<Column0>KY56</Column0>
</ListItems><ListItems>
<Column0>KY57</Column0>
</ListItems><ListItems>
<Column0>KY58</Column0>
</ListItems><ListItems>
<Column0>KY59</Column0>
</ListItems><ListItems>
<Column0>KY6A</Column0>
</ListItems><ListItems>
<Column0>KY6B</Column0>
</ListItems><ListItems>
<Column0>KY6D</Column0>
</ListItems><ListItems>
<Column0>KZG2</Column0>
</ListItems><ListItems>
<Column0>KZM5</Column0>
</ListItems><ListItems>
<Column0>KZN8</Column0>
</ListItems><ListItems>
<Column0>KZR4</Column0>
</ListItems><ListItems>
<Column0>KZR7</Column0>
</ListItems><ListItems>
<Column0>LB8N</Column0>
</ListItems><ListItems>
<Column0>L3VF</Column0>
</ListItems><ListItems>
<Column0>L3U2</Column0>
</ListItems><ListItems>
<Column0>L45C</Column0>
</ListItems><ListItems>
<Column0>LM6L</Column0>
</ListItems><ListItems>
<Column0>LLF9</Column0>
</ListItems><ListItems>
<Column0>LLF3</Column0>
</ListItems><ListItems>
<Column0>LG6D</Column0>
</ListItems><ListItems>
<Column0>LG5W</Column0>
</ListItems><ListItems>
<Column0>L382</Column0>
</ListItems><ListItems>
<Column0>L38U</Column0>
</ListItems><ListItems>
<Column0>K43G</Column0>
</ListItems><ListItems>
<Column0>K43H</Column0>
</ListItems><ListItems>
<Column0>K4T4</Column0>
</ListItems><ListItems>
<Column0>K4T6</Column0>
</ListItems><ListItems>
<Column0>K4U4</Column0>
</ListItems><ListItems>
<Column0>K4U6</Column0>
</ListItems><ListItems>
<Column0>L38V</Column0>
</ListItems><ListItems>
<Column0>KZF5</Column0>
</ListItems><ListItems>
<Column0>K5NI</Column0>
</ListItems><ListItems>
<Column0>K5OA</Column0>
</ListItems><ListItems>
<Column0>K5OB</Column0>
</ListItems><ListItems>
<Column0>K5OC</Column0>
</ListItems><ListItems>
<Column0>K5OD</Column0>
</ListItems><ListItems>
<Column0>K5OF</Column0>
</ListItems><ListItems>
<Column0>K5WH</Column0>
</ListItems><ListItems>
<Column0>K5WI</Column0>
</ListItems><ListItems>
<Column0>K5X2</Column0>
</ListItems><ListItems>
<Column0>L3VG</Column0>
</ListItems><ListItems>
<Column0>L4V2</Column0>
</ListItems><ListItems>
<Column0>LP5R</Column0>
</ListItems><ListItems>
<Column0>LNU8</Column0>
</ListItems><ListItems>
<Column0>L3U3</Column0>
</ListItems><ListItems>
<Column0>L3UI</Column0>
</ListItems><ListItems>
<Column0>K6AM</Column0>
</ListItems><ListItems>
<Column0>K6AX</Column0>
</ListItems><ListItems>
<Column0>K6AY</Column0>
</ListItems><ListItems>
<Column0>K6D7</Column0>
</ListItems><ListItems>
<Column0>K6D9</Column0>
</ListItems><ListItems>
<Column0>K6EA</Column0>
</ListItems><ListItems>
<Column0>K5L5</Column0>
</ListItems><ListItems>
<Column0>K52G</Column0>
</ListItems><ListItems>
<Column0>K53Q</Column0>
</ListItems><ListItems>
<Column0>K53U</Column0>
</ListItems><ListItems>
<Column0>K58O</Column0>
</ListItems><ListItems>
<Column0>LLE8</Column0>
</ListItems><ListItems>
<Column0>K5J8</Column0>
</ListItems><ListItems>
<Column0>BAN7</Column0>
</ListItems><ListItems>
<Column0>BAQ5</Column0>
</ListItems><ListItems>
<Column0>BBW3</Column0>
</ListItems><ListItems>
<Column0>BE52</Column0>
</ListItems><ListItems>
<Column0>BE53</Column0>
</ListItems><ListItems>
<Column0>BE54</Column0>
</ListItems><ListItems>
<Column0>BE5W</Column0>
</ListItems><ListItems>
<Column0>BE5X</Column0>
</ListItems><ListItems>
<Column0>BE5Z</Column0>
</ListItems><ListItems>
<Column0>BE6R</Column0>
</ListItems><ListItems>
<Column0>BJ84</Column0>
</ListItems><ListItems>
<Column0>BJ8X</Column0>
</ListItems><ListItems>
<Column0>K733</Column0>
</ListItems><ListItems>
<Column0>K735</Column0>
</ListItems><ListItems>
<Column0>K736</Column0>
</ListItems><ListItems>
<Column0>K738</Column0>
</ListItems><ListItems>
<Column0>KY6H</Column0>
</ListItems><ListItems>
<Column0>KY6F</Column0>
</ListItems><ListItems>
<Column0>KY6G</Column0>
</ListItems><ListItems>
<Column0>L3VX</Column0>
</ListItems><ListItems>
<Column0>L4UF</Column0>
</ListItems><ListItems>
<Column0>KX3Y</Column0>
</ListItems><ListItems>
<Column0>KX4B</Column0>
</ListItems><ListItems>
<Column0>KX4G</Column0>
</ListItems><ListItems>
<Column0>KX4N</Column0>
</ListItems><ListItems>
<Column0>KX4P</Column0>
</ListItems><ListItems>
<Column0>K4XP</Column0>
</ListItems><ListItems>
<Column0>K4XO</Column0>
</ListItems><ListItems>
<Column0>LJG8</Column0>
</ListItems><ListItems>
<Column0>LJE7</Column0>
</ListItems><ListItems>
<Column0>BM2S</Column0>
</ListItems><ListItems>
<Column0>BM5W</Column0>
</ListItems><ListItems>
<Column0>BAOA</Column0>
</ListItems><ListItems>
<Column0>BPKE</Column0>
</ListItems><ListItems>
<Column0>BPL8</Column0>
</ListItems><ListItems>
<Column0>BPL9</Column0>
</ListItems><ListItems>
<Column0>BM5X</Column0>
</ListItems><ListItems>
<Column0>BNA9</Column0>
</ListItems><ListItems>
<Column0>BNB3</Column0>
</ListItems><ListItems>
<Column0>BNB4</Column0>
</ListItems><ListItems>
<Column0>BPJ2</Column0>
</ListItems><ListItems>
<Column0>BPJ3</Column0>
</ListItems><ListItems>
<Column0>BPJZ</Column0>
</ListItems><ListItems>
<Column0>BPK2</Column0>
</ListItems><ListItems>
<Column0>K7PL</Column0>
</ListItems><ListItems>
<Column0>K7PM</Column0>
</ListItems><ListItems>
<Column0>L45E</Column0>
</ListItems><ListItems>
<Column0>FMH3</Column0>
</ListItems><ListItems>
<Column0>FMH4</Column0>
</ListItems><ListItems>
<Column0>FMK3</Column0>
</ListItems><ListItems>
<Column0>FMK5</Column0>
</ListItems><ListItems>
<Column0>FMK7</Column0>
</ListItems><ListItems>
<Column0>FMK8</Column0>
</ListItems><ListItems>
<Column0>FMK9</Column0>
</ListItems><ListItems>
<Column0>FML3</Column0>
</ListItems><ListItems>
<Column0>LD6E</Column0>
</ListItems><ListItems>
<Column0>LD6G</Column0>
</ListItems><ListItems>
<Column0>LD6H</Column0>
</ListItems><ListItems>
<Column0>LD6J</Column0>
</ListItems><ListItems>
<Column0>LD6K</Column0>
</ListItems><ListItems>
<Column0>LD6L</Column0>
</ListItems><ListItems>
<Column0>LI93</Column0>
</ListItems><ListItems>
<Column0>LI94</Column0>
</ListItems><ListItems>
<Column0>LI95</Column0>
</ListItems><ListItems>
<Column0>LI96</Column0>
</ListItems><ListItems>
<Column0>LI97</Column0>
</ListItems><ListItems>
<Column0>LI98</Column0>
</ListItems><ListItems>
<Column0>L4NG</Column0>
</ListItems><ListItems>
<Column0>L5S7</Column0>
</ListItems><ListItems>
<Column0>CTI5</Column0>
</ListItems><ListItems>
<Column0>SQH5</Column0>
</ListItems><ListItems>
<Column0>YSUA</Column0>
</ListItems><ListItems>
<Column0>UA8F</Column0>
</ListItems><ListItems>
<Column0>UA8K</Column0>
</ListItems><ListItems>
<Column0>UA7G</Column0>
</ListItems><ListItems>
<Column0>UA7D</Column0>
</ListItems><ListItems>
<Column0>UA66</Column0>
</ListItems><ListItems>
<Column0>UA69</Column0>
</ListItems><ListItems>
<Column0>U94O</Column0>
</ListItems><ListItems>
<Column0>U94Q</Column0>
</ListItems><ListItems>
<Column0>U94T</Column0>
</ListItems><ListItems>
<Column0>U94R</Column0>
</ListItems></LSOURCECODELIST>
