﻿<lXLFData>
<ListItems>
     <Column0>lIVLComplaint</Column0>
     <Column1>str</Column1>
     <Column2>1</Column2>

</ListItems><ListItems>
     <Column0>lIVLCS</Column0>
     <Column1>str</Column1>
     <Column2>1</Column2>

</ListItems><ListItems>
     <Column0>lIVLAltPhone</Column0>
     <Column1>str</Column1>
     <Column2>10</Column2>

</ListItems><ListItems>
     <Column0>lIVLType</Column0>
     <Column1>str</Column1>
     <Column2>1</Column2>

</ListItems><ListItems>
     <Column0>lIVLUnprofessional</Column0>
     <Column1>str</Column1>
     <Column2>1</Column2>

</ListItems><ListItems>
     <Column0>lIVLMislead</Column0>
     <Column1>str</Column1>
     <Column2>1</Column2>

</ListItems><ListItems>
     <Column0>lIVLCancel</Column0>
     <Column1>str</Column1>
     <Column2>1</Column2>

</ListItems><ListItems>
     <Column0>lIVLBTFee</Column0>
     <Column1>str</Column1>
     <Column2>1</Column2>

</ListItems><ListItems>
     <Column0>lIVLRemove</Column0>
     <Column1>str</Column1>
     <Column2>1</Column2>

</ListItems><ListItems>
     <Column0>lIVLCloseAcct</Column0>
     <Column1>str</Column1>
     <Column2>1</Column2>

</ListItems><ListItems>
     <Column0>lIVLOther</Column0>
     <Column1>str</Column1>
     <Column2>1</Column2>

</ListItems><ListItems>
     <Column0>lIVLOtherNotes1</Column0>
     <Column1>str</Column1>
     <Column2>50</Column2>

</ListItems><ListItems>
     <Column0>lIVLOtherNotes2</Column0>
     <Column1>str</Column1>
     <Column2>50</Column2>

</ListItems><ListItems>
     <Column0>lIVLOtherNotes3</Column0>
     <Column1>str</Column1>
     <Column2>50</Column2>

</ListItems><ListItems>
     <Column0>lIVLOtherNotes4</Column0>
     <Column1>str</Column1>
     <Column2>50</Column2>

</ListItems><ListItems>
     <Column0>lIVLOtherNotes5</Column0>
     <Column1>str</Column1>
     <Column2>50</Column2>

</ListItems><ListItems>
     <Column0>lIVLCustomerNotes1</Column0>
     <Column1>str</Column1>
     <Column2>50</Column2>

</ListItems><ListItems>
     <Column0>lIVLCustomerNotes2</Column0>
     <Column1>str</Column1>
     <Column2>50</Column2>

</ListItems><ListItems>
     <Column0>lIVLCustomerNotes3</Column0>
     <Column1>str</Column1>
     <Column2>50</Column2>

</ListItems><ListItems>
     <Column0>lIVLCustomerNotes4</Column0>
     <Column1>str</Column1>
     <Column2>50</Column2>

</ListItems><ListItems>
     <Column0>lIVLCustomerNotes5</Column0>
     <Column1>str</Column1>
     <Column2>50</Column2>

</ListItems><ListItems>
     <Column0>lIVLActionNotes1</Column0>
     <Column1>str</Column1>
     <Column2>50</Column2>

</ListItems><ListItems>
     <Column0>lIVLActionNotes2</Column0>
     <Column1>str</Column1>
     <Column2>50</Column2>

</ListItems><ListItems>
     <Column0>lIVLActionNotes3</Column0>
     <Column1>str</Column1>
     <Column2>50</Column2>

</ListItems><ListItems>
     <Column0>lIVLActionNotes4</Column0>
     <Column1>str</Column1>
     <Column2>50</Column2>

</ListItems><ListItems>
     <Column0>lIVLActionNotes5</Column0>
     <Column1>str</Column1>
     <Column2>50</Column2>

</ListItems><ListItems>
     <Column0>lIVLAction</Column0>
     <Column1>str</Column1>
     <Column2>1</Column2>

</ListItems><ListItems>
     <Column0>lIVLFollowUpNotes1</Column0>
     <Column1>str</Column1>
     <Column2>50</Column2>

</ListItems><ListItems>
     <Column0>lIVLFollowUpNotes2</Column0>
     <Column1>str</Column1>
     <Column2>50</Column2>

</ListItems><ListItems>
     <Column0>lIVLFollowUpNotes3</Column0>
     <Column1>str</Column1>
     <Column2>50</Column2>

</ListItems><ListItems>
     <Column0>lIVLFollowUpNotes4</Column0>
     <Column1>str</Column1>
     <Column2>50</Column2>

</ListItems><ListItems>
     <Column0>lIVLFollowUpNotes5</Column0>
     <Column1>str</Column1>
     <Column2>50</Column2>

</ListItems><ListItems>
     <Column0>lEBRFirstName</Column0>
     <Column1>str</Column1>
     <Column2>20</Column2>

</ListItems><ListItems>
     <Column0>lEBRLastName</Column0>
     <Column1>str</Column1>
     <Column2>20</Column2>

</ListItems><ListItems>
     <Column0>lFiller</Column0>
     <Column1>str</Column1>
     <Column2>1</Column2>

</ListItems><ListItems>
     <Column0>lEBRTone</Column0>
     <Column1>str</Column1>
     <Column2>1</Column2>

</ListItems><ListItems>
     <Column0>lEBRComment</Column0>
     <Column1>str</Column1>
     <Column2>1</Column2>

</ListItems><ListItems>
     <Column0>lEBRNotes1</Column0>
     <Column1>str</Column1>
     <Column2>50</Column2>

</ListItems><ListItems>
     <Column0>lEBRNotes2</Column0>
     <Column1>str</Column1>
     <Column2>50</Column2>

</ListItems><ListItems>
     <Column0>lEBRNotes3</Column0>
     <Column1>str</Column1>
     <Column2>50</Column2>

</ListItems><ListItems>
     <Column0>lEBRNotes4</Column0>
     <Column1>str</Column1>
     <Column2>50</Column2>

</ListItems><ListItems>
     <Column0>lIVLDate</Column0>
     <Column1>str</Column1>
     <Column2>8</Column2>

</ListItems><ListItems>
     <Column0>lIVLOtherNotes6</Column0>
     <Column1>str</Column1>
     <Column2>50</Column2>

</ListItems><ListItems>
     <Column0>lIVLOtherNotes7</Column0>
     <Column1>str</Column1>
     <Column2>50</Column2>

</ListItems><ListItems>
     <Column0>lIVLOtherNotes8</Column0>
     <Column1>str</Column1>
     <Column2>50</Column2>

</ListItems><ListItems>
     <Column0>lIVLOtherNotes9</Column0>
     <Column1>str</Column1>
     <Column2>50</Column2>

</ListItems><ListItems>
     <Column0>lIVLOtherNotes10</Column0>
     <Column1>str</Column1>
     <Column2>50</Column2>

</ListItems><ListItems>
     <Column0>lIVLCustomerNotes6</Column0>
     <Column1>str</Column1>
     <Column2>50</Column2>

</ListItems><ListItems>
     <Column0>lIVLCustomerNotes7</Column0>
     <Column1>str</Column1>
     <Column2>50</Column2>

</ListItems><ListItems>
     <Column0>lIVLCustomerNotes8</Column0>
     <Column1>str</Column1>
     <Column2>50</Column2>

</ListItems><ListItems>
     <Column0>lIVLCustomerNotes9</Column0>
     <Column1>str</Column1>
     <Column2>50</Column2>

</ListItems><ListItems>
     <Column0>lIVLCustomerNotes10</Column0>
     <Column1>str</Column1>
     <Column2>50</Column2>

</ListItems><ListItems>
     <Column0>lIVLActionNotes6</Column0>
     <Column1>str</Column1>
     <Column2>50</Column2>

</ListItems><ListItems>
     <Column0>lIVLActionNotes7</Column0>
     <Column1>str</Column1>
     <Column2>50</Column2>

</ListItems><ListItems>
     <Column0>lOtherNotes1</Column0>
     <Column1>str</Column1>
     <Column2>50</Column2>

</ListItems><ListItems>
     <Column0>lOtherNotes2</Column0>
     <Column1>str</Column1>
     <Column2>50</Column2>

</ListItems><ListItems>
     <Column0>lCustConcern501</Column0>
     <Column1>str</Column1>
     <Column2>50</Column2>

</ListItems><ListItems>
     <Column0>lCustConcern502</Column0>
     <Column1>str</Column1>
     <Column2>50</Column2>

</ListItems><ListItems>
     <Column0>lCustConcern503</Column0>
     <Column1>str</Column1>
     <Column2>50</Column2>

</ListItems><ListItems>
     <Column0>lCustConcern504</Column0>
     <Column1>str</Column1>
     <Column2>50</Column2>

</ListItems><ListItems>
     <Column0>lTLName</Column0>
     <Column1>str</Column1>
     <Column2>30</Column2>

</ListItems><ListItems>
     <Column0>lCustName</Column0>
     <Column1>str</Column1>
     <Column2>30</Column2>

</ListItems><ListItems>
     <Column0>lCustBestTime</Column0>
     <Column1>str</Column1>
     <Column2>30</Column2>

</ListItems><ListItems>
     <Column0>lCustZip</Column0>
     <Column1>str</Column1>
     <Column2>6</Column2>

</ListItems><ListItems>
     <Column0>lCustAreaCode</Column0>
     <Column1>str</Column1>
     <Column2>3</Column2>

</ListItems><ListItems>
     <Column0>lCustPhone3</Column0>
     <Column1>num</Column1>
     <Column2>3</Column2>

</ListItems><ListItems>
     <Column0>lCustPhone4</Column0>
     <Column1>num</Column1>
     <Column2>4</Column2>

</ListItems><ListItems>
     <Column0>lFullName</Column0>
     <Column1>str</Column1>
     <Column2>50</Column2>

</ListItems><ListItems>
     <Column0>lSiteID</Column0>
     <Column1>str</Column1>
     <Column2>2</Column2>

</ListItems><ListItems>
     <Column0>lCustConcern505</Column0>
     <Column1>str</Column1>
     <Column2>50</Column2>

</ListItems><ListItems>
     <Column0>lCustConcern506</Column0>
     <Column1>str</Column1>
     <Column2>50</Column2>

</ListItems><ListItems>
     <Column0>lCustConcern507</Column0>
     <Column1>str</Column1>
     <Column2>50</Column2>

</ListItems><ListItems>
     <Column0>lCustConcern508</Column0>
     <Column1>str</Column1>
     <Column2>50</Column2>

</ListItems><ListItems>
     <Column0>lCustConcern509</Column0>
     <Column1>str</Column1>
     <Column2>50</Column2>

</ListItems><ListItems>
     <Column0>lCustConcern5010</Column0>
     <Column1>str</Column1>
     <Column2>50</Column2>

</ListItems><ListItems>
     <Column0>lTFirstName</Column0>
     <Column1>str</Column1>
     <Column2>16</Column2>

</ListItems><ListItems>
     <Column0>lTLastName</Column0>
     <Column1>str</Column1>
     <Column2>16</Column2>

</ListItems><ListItems>
     <Column0>lTZip</Column0>
     <Column1>str</Column1>
     <Column2>5</Column2>

</ListItems><ListItems>
     <Column0>lTCity</Column0>
     <Column1>str</Column1>
     <Column2>28</Column2>

</ListItems><ListItems>
     <Column0>lTState</Column0>
     <Column1>str</Column1>
     <Column2>2</Column2>

</ListItems><ListItems>
     <Column0>lTAdd1</Column0>
     <Column1>str</Column1>
     <Column2>30</Column2>

</ListItems><ListItems>
     <Column0>lTAdd2</Column0>
     <Column1>str</Column1>
     <Column2>30</Column2>

</ListItems><ListItems>
     <Column0>lTPhoneArea</Column0>
     <Column1>str</Column1>
     <Column2>3</Column2>

</ListItems><ListItems>
     <Column0>lTPhone3</Column0>
     <Column1>str</Column1>
     <Column2>3</Column2>

</ListItems><ListItems>
     <Column0>lTPhone4</Column0>
     <Column1>str</Column1>
     <Column2>4</Column2>

</ListItems><ListItems>
     <Column0>lTCallingFrom</Column0>
     <Column1>str</Column1>
     <Column2>30</Column2>

</ListItems><ListItems>
     <Column0>lTSex</Column0>
     <Column1>str</Column1>
     <Column2>7</Column2>

</ListItems><ListItems>
     <Column0>lTAge</Column0>
     <Column1>str</Column1>
     <Column2>7</Column2>

</ListItems><ListItems>
     <Column0>lTRace</Column0>
     <Column1>str</Column1>
     <Column2>20</Column2>

</ListItems><ListItems>
     <Column0>lTVoice1</Column0>
     <Column1>str</Column1>
     <Column2>1</Column2>

</ListItems><ListItems>
     <Column0>lTVoice2</Column0>
     <Column1>str</Column1>
     <Column2>1</Column2>

</ListItems><ListItems>
     <Column0>lTVoice3</Column0>
     <Column1>str</Column1>
     <Column2>1</Column2>

</ListItems><ListItems>
     <Column0>lTVoice4</Column0>
     <Column1>str</Column1>
     <Column2>1</Column2>

</ListItems><ListItems>
     <Column0>lTVoice5</Column0>
     <Column1>str</Column1>
     <Column2>1</Column2>

</ListItems><ListItems>
     <Column0>lTVoice6</Column0>
     <Column1>str</Column1>
     <Column2>1</Column2>

</ListItems><ListItems>
     <Column0>lTVoice7</Column0>
     <Column1>str</Column1>
     <Column2>1</Column2>

</ListItems><ListItems>
     <Column0>lTVoice8</Column0>
     <Column1>str</Column1>
     <Column2>1</Column2>

</ListItems><ListItems>
     <Column0>lTVoice9</Column0>
     <Column1>str</Column1>
     <Column2>1</Column2>

</ListItems><ListItems>
     <Column0>lTVoice10</Column0>
     <Column1>str</Column1>
     <Column2>1</Column2>

</ListItems><ListItems>
     <Column0>lTVoice11</Column0>
     <Column1>str</Column1>
     <Column2>1</Column2>

</ListItems><ListItems>
     <Column0>lTVoice12</Column0>
     <Column1>str</Column1>
     <Column2>1</Column2>

</ListItems><ListItems>
     <Column0>lTVoice13</Column0>
     <Column1>str</Column1>
     <Column2>1</Column2>

</ListItems><ListItems>
     <Column0>lTVoice14</Column0>
     <Column1>str</Column1>
     <Column2>1</Column2>

</ListItems><ListItems>
     <Column0>lTVoice15</Column0>
     <Column1>str</Column1>
     <Column2>1</Column2>

</ListItems><ListItems>
     <Column0>lTVoice16</Column0>
     <Column1>str</Column1>
     <Column2>1</Column2>

</ListItems><ListItems>
     <Column0>lTVoice17</Column0>
     <Column1>str</Column1>
     <Column2>1</Column2>

</ListItems><ListItems>
     <Column0>lTVoice18</Column0>
     <Column1>str</Column1>
     <Column2>1</Column2>

</ListItems><ListItems>
     <Column0>lTVoice19</Column0>
     <Column1>str</Column1>
     <Column2>1</Column2>

</ListItems><ListItems>
     <Column0>lTVoice20</Column0>
     <Column1>str</Column1>
     <Column2>1</Column2>

</ListItems><ListItems>
     <Column0>lTVoice21</Column0>
     <Column1>str</Column1>
     <Column2>1</Column2>

</ListItems><ListItems>
     <Column0>lTVoice22</Column0>
     <Column1>str</Column1>
     <Column2>1</Column2>

</ListItems><ListItems>
     <Column0>lTVoice23</Column0>
     <Column1>str</Column1>
     <Column2>1</Column2>

</ListItems><ListItems>
     <Column0>lTVoice24</Column0>
     <Column1>str</Column1>
     <Column2>1</Column2>

</ListItems><ListItems>
     <Column0>lTLanguage</Column0>
     <Column1>str</Column1>
     <Column2>13</Column2>

</ListItems><ListItems>
     <Column0>lTNoise1</Column0>
     <Column1>str</Column1>
     <Column2>1</Column2>

</ListItems><ListItems>
     <Column0>lTNoise2</Column0>
     <Column1>str</Column1>
     <Column2>1</Column2>

</ListItems><ListItems>
     <Column0>lTNoise3</Column0>
     <Column1>str</Column1>
     <Column2>1</Column2>

</ListItems><ListItems>
     <Column0>lTNoise4</Column0>
     <Column1>str</Column1>
     <Column2>1</Column2>

</ListItems><ListItems>
     <Column0>lTNoise5</Column0>
     <Column1>str</Column1>
     <Column2>1</Column2>

</ListItems><ListItems>
     <Column0>lTNoise6</Column0>
     <Column1>str</Column1>
     <Column2>1</Column2>

</ListItems><ListItems>
     <Column0>lTNoise7</Column0>
     <Column1>str</Column1>
     <Column2>1</Column2>

</ListItems><ListItems>
     <Column0>lTNoise8</Column0>
     <Column1>str</Column1>
     <Column2>1</Column2>

</ListItems><ListItems>
     <Column0>lTNoise9</Column0>
     <Column1>str</Column1>
     <Column2>1</Column2>

</ListItems><ListItems>
     <Column0>lTNoise10</Column0>
     <Column1>str</Column1>
     <Column2>1</Column2>

</ListItems><ListItems>
     <Column0>lTThreat1</Column0>
     <Column1>str</Column1>
     <Column2>50</Column2>

</ListItems><ListItems>
     <Column0>lTThreat2</Column0>
     <Column1>str</Column1>
     <Column2>50</Column2>

</ListItems><ListItems>
     <Column0>lTThreat3</Column0>
     <Column1>str</Column1>
     <Column2>50</Column2>

</ListItems><ListItems>
     <Column0>lTThreat4</Column0>
     <Column1>str</Column1>
     <Column2>50</Column2>

</ListItems><ListItems>
     <Column0>lTThreat5</Column0>
     <Column1>str</Column1>
     <Column2>50</Column2>

</ListItems><ListItems>
     <Column0>lTThreat6</Column0>
     <Column1>str</Column1>
     <Column2>50</Column2>

</ListItems><ListItems>
     <Column0>lTThreat7</Column0>
     <Column1>str</Column1>
     <Column2>50</Column2>

</ListItems><ListItems>
     <Column0>lTThreat8</Column0>
     <Column1>str</Column1>
     <Column2>50</Column2>

</ListItems><ListItems>
     <Column0>lTThreat9</Column0>
     <Column1>str</Column1>
     <Column2>50</Column2>

</ListItems><ListItems>
     <Column0>lTThreat10</Column0>
     <Column1>str</Column1>
     <Column2>50</Column2>

</ListItems><ListItems>
     <Column0>lTThreat11</Column0>
     <Column1>str</Column1>
     <Column2>50</Column2>

</ListItems><ListItems>
     <Column0>lTThreat12</Column0>
     <Column1>str</Column1>
     <Column2>50</Column2>

</ListItems><ListItems>
     <Column0>lTThreat13</Column0>
     <Column1>str</Column1>
     <Column2>50</Column2>

</ListItems><ListItems>
     <Column0>lTThreat14</Column0>
     <Column1>str</Column1>
     <Column2>50</Column2>

</ListItems><ListItems>
     <Column0>lTThreat15</Column0>
     <Column1>str</Column1>
     <Column2>50</Column2>

</ListItems><ListItems>
     <Column0>lTThreat16</Column0>
     <Column1>str</Column1>
     <Column2>50</Column2>

</ListItems><ListItems>
     <Column0>lTThreat17</Column0>
     <Column1>str</Column1>
     <Column2>50</Column2>

</ListItems><ListItems>
     <Column0>lTThreat18</Column0>
     <Column1>str</Column1>
     <Column2>50</Column2>

</ListItems><ListItems>
     <Column0>lTThreat19</Column0>
     <Column1>str</Column1>
     <Column2>50</Column2>

</ListItems><ListItems>
     <Column0>lTThreat20</Column0>
     <Column1>str</Column1>
     <Column2>50</Column2>

</ListItems></lXLFData>
