﻿<lXLFDNC>
<ListItems>
     <Column0>lDNC3FNAME</Column0>
     <Column1>str</Column1>
     <Column2>16</Column2>

</ListItems><ListItems>
     <Column0>lDNC3MI</Column0>
     <Column1>str</Column1>
     <Column2>1</Column2>

</ListItems><ListItems>
     <Column0>lDNC3LNAME</Column0>
     <Column1>str</Column1>
     <Column2>16</Column2>

</ListItems><ListItems>
     <Column0>lDNC3ZIP</Column0>
     <Column1>str</Column1>
     <Column2>6</Column2>

</ListItems><ListItems>
     <Column0>lDNC3ADD1</Column0>
     <Column1>str</Column1>
     <Column2>30</Column2>

</ListItems><ListItems>
     <Column0>lDNC3ADD2</Column0>
     <Column1>str</Column1>
     <Column2>30</Column2>

</ListItems><ListItems>
     <Column0>lDNC3CITY</Column0>
     <Column1>str</Column1>
     <Column2>20</Column2>

</ListItems><ListItems>
     <Column0>lDNC3STATE</Column0>
     <Column1>str</Column1>
     <Column2>2</Column2>

</ListItems><ListItems>
     <Column0>lDNC3AREAC</Column0>
     <Column1>num</Column1>
     <Column2>3</Column2>

</ListItems><ListItems>
     <Column0>lDNC3PHONE3</Column0>
     <Column1>num</Column1>
     <Column2>3</Column2>

</ListItems><ListItems>
     <Column0>lDNC3PHONE4</Column0>
     <Column1>num</Column1>
     <Column2>4</Column2>

</ListItems><ListItems>
     <Column0>lDNC4FNAME</Column0>
     <Column1>str</Column1>
     <Column2>16</Column2>

</ListItems><ListItems>
     <Column0>lDNC4MI</Column0>
     <Column1>str</Column1>
     <Column2>1</Column2>

</ListItems><ListItems>
     <Column0>lDNC4LNAME</Column0>
     <Column1>str</Column1>
     <Column2>16</Column2>

</ListItems><ListItems>
     <Column0>lDNC4ZIP</Column0>
     <Column1>str</Column1>
     <Column2>6</Column2>

</ListItems><ListItems>
     <Column0>lDNC4ADD1</Column0>
     <Column1>str</Column1>
     <Column2>30</Column2>

</ListItems><ListItems>
     <Column0>lDNC4ADD2</Column0>
     <Column1>str</Column1>
     <Column2>30</Column2>

</ListItems><ListItems>
     <Column0>lDNC4CITY</Column0>
     <Column1>str</Column1>
     <Column2>20</Column2>

</ListItems><ListItems>
     <Column0>lDNC4STATE</Column0>
     <Column1>str</Column1>
     <Column2>2</Column2>

</ListItems><ListItems>
     <Column0>lDNC4AREAC</Column0>
     <Column1>num</Column1>
     <Column2>3</Column2>

</ListItems><ListItems>
     <Column0>lDNC4PHONE3</Column0>
     <Column1>num</Column1>
     <Column2>3</Column2>

</ListItems><ListItems>
     <Column0>lDNC4PHONE4</Column0>
     <Column1>num</Column1>
     <Column2>4</Column2>

</ListItems><ListItems>
     <Column0>lDNC5FNAME</Column0>
     <Column1>str</Column1>
     <Column2>16</Column2>

</ListItems><ListItems>
     <Column0>lDNC5MI</Column0>
     <Column1>str</Column1>
     <Column2>1</Column2>

</ListItems><ListItems>
     <Column0>lDNC5LNAME</Column0>
     <Column1>str</Column1>
     <Column2>16</Column2>

</ListItems><ListItems>
     <Column0>lDNC5ZIP</Column0>
     <Column1>str</Column1>
     <Column2>6</Column2>

</ListItems><ListItems>
     <Column0>lDNC5ADD1</Column0>
     <Column1>str</Column1>
     <Column2>30</Column2>

</ListItems><ListItems>
     <Column0>lDNC5ADD2</Column0>
     <Column1>str</Column1>
     <Column2>30</Column2>

</ListItems><ListItems>
     <Column0>lDNC5CITY</Column0>
     <Column1>str</Column1>
     <Column2>20</Column2>

</ListItems><ListItems>
     <Column0>lDNC5STATE</Column0>
     <Column1>str</Column1>
     <Column2>2</Column2>

</ListItems><ListItems>
     <Column0>lDNC5AREAC</Column0>
     <Column1>num</Column1>
     <Column2>3</Column2>

</ListItems><ListItems>
     <Column0>lDNC5PHONE3</Column0>
     <Column1>num</Column1>
     <Column2>3</Column2>

</ListItems><ListItems>
     <Column0>lDNC5PHONE4</Column0>
     <Column1>num</Column1>
     <Column2>4</Column2>

</ListItems><ListItems>
     <Column0>lDNC6FNAME</Column0>
     <Column1>str</Column1>
     <Column2>16</Column2>

</ListItems><ListItems>
     <Column0>lDNC6MI</Column0>
     <Column1>str</Column1>
     <Column2>1</Column2>

</ListItems><ListItems>
     <Column0>lDNC6LNAME</Column0>
     <Column1>str</Column1>
     <Column2>16</Column2>

</ListItems><ListItems>
     <Column0>lDNC6ZIP</Column0>
     <Column1>str</Column1>
     <Column2>6</Column2>

</ListItems><ListItems>
     <Column0>lDNC6ADD1</Column0>
     <Column1>str</Column1>
     <Column2>30</Column2>

</ListItems><ListItems>
     <Column0>lDNC6ADD2</Column0>
     <Column1>str</Column1>
     <Column2>30</Column2>

</ListItems><ListItems>
     <Column0>lDNC6CITY</Column0>
     <Column1>str</Column1>
     <Column2>20</Column2>

</ListItems><ListItems>
     <Column0>lDNC6STATE</Column0>
     <Column1>str</Column1>
     <Column2>2</Column2>

</ListItems><ListItems>
     <Column0>lDNC6AREAC</Column0>
     <Column1>num</Column1>
     <Column2>3</Column2>

</ListItems><ListItems>
     <Column0>lDNC6PHONE3</Column0>
     <Column1>num</Column1>
     <Column2>3</Column2>

</ListItems><ListItems>
     <Column0>lDNC6PHONE4</Column0>
     <Column1>num</Column1>
     <Column2>4</Column2>

</ListItems><ListItems>
     <Column0>lDNC7FNAME</Column0>
     <Column1>str</Column1>
     <Column2>16</Column2>

</ListItems><ListItems>
     <Column0>lDNC7MI</Column0>
     <Column1>str</Column1>
     <Column2>1</Column2>

</ListItems><ListItems>
     <Column0>lDNC7LNAME</Column0>
     <Column1>str</Column1>
     <Column2>16</Column2>

</ListItems><ListItems>
     <Column0>lDNC7ZIP</Column0>
     <Column1>str</Column1>
     <Column2>6</Column2>

</ListItems><ListItems>
     <Column0>lDNC7ADD1</Column0>
     <Column1>str</Column1>
     <Column2>30</Column2>

</ListItems><ListItems>
     <Column0>lDNC7ADD2</Column0>
     <Column1>str</Column1>
     <Column2>30</Column2>

</ListItems><ListItems>
     <Column0>lDNC7CITY</Column0>
     <Column1>str</Column1>
     <Column2>20</Column2>

</ListItems><ListItems>
     <Column0>lDNC7STATE</Column0>
     <Column1>str</Column1>
     <Column2>2</Column2>

</ListItems><ListItems>
     <Column0>lDNC7AREAC</Column0>
     <Column1>num</Column1>
     <Column2>3</Column2>

</ListItems><ListItems>
     <Column0>lDNC7PHONE3</Column0>
     <Column1>num</Column1>
     <Column2>3</Column2>

</ListItems><ListItems>
     <Column0>lDNC7PHONE4</Column0>
     <Column1>num</Column1>
     <Column2>4</Column2>

</ListItems><ListItems>
     <Column0>lDNC8FNAME</Column0>
     <Column1>str</Column1>
     <Column2>16</Column2>

</ListItems><ListItems>
     <Column0>lDNC8MI</Column0>
     <Column1>str</Column1>
     <Column2>1</Column2>

</ListItems><ListItems>
     <Column0>lDNC8LNAME</Column0>
     <Column1>str</Column1>
     <Column2>16</Column2>

</ListItems><ListItems>
     <Column0>lDNC8ZIP</Column0>
     <Column1>str</Column1>
     <Column2>6</Column2>

</ListItems><ListItems>
     <Column0>lDNC8ADD1</Column0>
     <Column1>str</Column1>
     <Column2>30</Column2>

</ListItems><ListItems>
     <Column0>lDNC8ADD2</Column0>
     <Column1>str</Column1>
     <Column2>30</Column2>

</ListItems><ListItems>
     <Column0>lDNC8CITY</Column0>
     <Column1>str</Column1>
     <Column2>20</Column2>

</ListItems><ListItems>
     <Column0>lDNC8STATE</Column0>
     <Column1>str</Column1>
     <Column2>2</Column2>

</ListItems><ListItems>
     <Column0>lDNC8AREAC</Column0>
     <Column1>num</Column1>
     <Column2>3</Column2>

</ListItems><ListItems>
     <Column0>lDNC8PHONE3</Column0>
     <Column1>num</Column1>
     <Column2>3</Column2>

</ListItems><ListItems>
     <Column0>lDNC8PHONE4</Column0>
     <Column1>num</Column1>
     <Column2>4</Column2>

</ListItems><ListItems>
     <Column0>lDNC9FNAME</Column0>
     <Column1>str</Column1>
     <Column2>16</Column2>

</ListItems><ListItems>
     <Column0>lDNC9MI</Column0>
     <Column1>str</Column1>
     <Column2>1</Column2>

</ListItems><ListItems>
     <Column0>lDNC9LNAME</Column0>
     <Column1>str</Column1>
     <Column2>16</Column2>

</ListItems><ListItems>
     <Column0>lDNC9ZIP</Column0>
     <Column1>str</Column1>
     <Column2>6</Column2>

</ListItems><ListItems>
     <Column0>lDNC9ADD1</Column0>
     <Column1>str</Column1>
     <Column2>30</Column2>

</ListItems><ListItems>
     <Column0>lDNC9ADD2</Column0>
     <Column1>str</Column1>
     <Column2>30</Column2>

</ListItems><ListItems>
     <Column0>lDNC9CITY</Column0>
     <Column1>str</Column1>
     <Column2>20</Column2>

</ListItems><ListItems>
     <Column0>lDNC9STATE</Column0>
     <Column1>str</Column1>
     <Column2>2</Column2>

</ListItems><ListItems>
     <Column0>lDNC9AREAC</Column0>
     <Column1>num</Column1>
     <Column2>3</Column2>

</ListItems><ListItems>
     <Column0>lDNC9PHONE3</Column0>
     <Column1>num</Column1>
     <Column2>3</Column2>

</ListItems><ListItems>
     <Column0>lDNC9PHONE4</Column0>
     <Column1>num</Column1>
     <Column2>4</Column2>

</ListItems><ListItems>
     <Column0>lDNC10FNAME</Column0>
     <Column1>str</Column1>
     <Column2>16</Column2>

</ListItems><ListItems>
     <Column0>lDNC10MI</Column0>
     <Column1>str</Column1>
     <Column2>1</Column2>

</ListItems><ListItems>
     <Column0>lDNC10LNAME</Column0>
     <Column1>str</Column1>
     <Column2>16</Column2>

</ListItems><ListItems>
     <Column0>lDNC10ZIP</Column0>
     <Column1>str</Column1>
     <Column2>6</Column2>

</ListItems><ListItems>
     <Column0>lDNC10ADD1</Column0>
     <Column1>str</Column1>
     <Column2>30</Column2>

</ListItems><ListItems>
     <Column0>lDNC10ADD2</Column0>
     <Column1>str</Column1>
     <Column2>30</Column2>

</ListItems><ListItems>
     <Column0>lDNC10CITY</Column0>
     <Column1>str</Column1>
     <Column2>20</Column2>

</ListItems><ListItems>
     <Column0>lDNC10STATE</Column0>
     <Column1>str</Column1>
     <Column2>2</Column2>

</ListItems><ListItems>
     <Column0>lDNC10AREAC</Column0>
     <Column1>num</Column1>
     <Column2>3</Column2>

</ListItems><ListItems>
     <Column0>lDNC10PHONE3</Column0>
     <Column1>num</Column1>
     <Column2>3</Column2>

</ListItems><ListItems>
     <Column0>lDNC10PHONE4</Column0>
     <Column1>num</Column1>
     <Column2>4</Column2>

</ListItems><ListItems>
     <Column0>lDNC11FNAME</Column0>
     <Column1>str</Column1>
     <Column2>16</Column2>

</ListItems><ListItems>
     <Column0>lDNC11MI</Column0>
     <Column1>str</Column1>
     <Column2>1</Column2>

</ListItems><ListItems>
     <Column0>lDNC11LNAME</Column0>
     <Column1>str</Column1>
     <Column2>16</Column2>

</ListItems><ListItems>
     <Column0>lDNC11ZIP</Column0>
     <Column1>str</Column1>
     <Column2>6</Column2>

</ListItems><ListItems>
     <Column0>lDNC11ADD1</Column0>
     <Column1>str</Column1>
     <Column2>30</Column2>

</ListItems><ListItems>
     <Column0>lDNC11ADD2</Column0>
     <Column1>str</Column1>
     <Column2>30</Column2>

</ListItems><ListItems>
     <Column0>lDNC11CITY</Column0>
     <Column1>str</Column1>
     <Column2>20</Column2>

</ListItems><ListItems>
     <Column0>lDNC11STATE</Column0>
     <Column1>str</Column1>
     <Column2>2</Column2>

</ListItems><ListItems>
     <Column0>lDNC11AREAC</Column0>
     <Column1>num</Column1>
     <Column2>3</Column2>

</ListItems><ListItems>
     <Column0>lDNC11PHONE3</Column0>
     <Column1>num</Column1>
     <Column2>3</Column2>

</ListItems><ListItems>
     <Column0>lDNC11PHONE4</Column0>
     <Column1>num</Column1>
     <Column2>4</Column2>

</ListItems><ListItems>
     <Column0>lDNC12FNAME</Column0>
     <Column1>str</Column1>
     <Column2>16</Column2>

</ListItems><ListItems>
     <Column0>lDNC12MI</Column0>
     <Column1>str</Column1>
     <Column2>1</Column2>

</ListItems><ListItems>
     <Column0>lDNC12LNAME</Column0>
     <Column1>str</Column1>
     <Column2>16</Column2>

</ListItems><ListItems>
     <Column0>lDNC12ZIP</Column0>
     <Column1>str</Column1>
     <Column2>6</Column2>

</ListItems><ListItems>
     <Column0>lDNC12ADD1</Column0>
     <Column1>str</Column1>
     <Column2>30</Column2>

</ListItems><ListItems>
     <Column0>lDNC12ADD2</Column0>
     <Column1>str</Column1>
     <Column2>30</Column2>

</ListItems><ListItems>
     <Column0>lDNC12CITY</Column0>
     <Column1>str</Column1>
     <Column2>20</Column2>

</ListItems><ListItems>
     <Column0>lDNC12STATE</Column0>
     <Column1>str</Column1>
     <Column2>2</Column2>

</ListItems><ListItems>
     <Column0>lDNC12AREAC</Column0>
     <Column1>num</Column1>
     <Column2>3</Column2>

</ListItems><ListItems>
     <Column0>lDNC12PHONE3</Column0>
     <Column1>num</Column1>
     <Column2>3</Column2>

</ListItems><ListItems>
     <Column0>lDNC12PHONE4</Column0>
     <Column1>num</Column1>
     <Column2>4</Column2>

</ListItems><ListItems>
     <Column0>lDNC13FNAME</Column0>
     <Column1>str</Column1>
     <Column2>16</Column2>

</ListItems><ListItems>
     <Column0>lDNC13MI</Column0>
     <Column1>str</Column1>
     <Column2>1</Column2>

</ListItems><ListItems>
     <Column0>lDNC13LNAME</Column0>
     <Column1>str</Column1>
     <Column2>16</Column2>

</ListItems><ListItems>
     <Column0>lDNC13ZIP</Column0>
     <Column1>str</Column1>
     <Column2>6</Column2>

</ListItems><ListItems>
     <Column0>lDNC13ADD1</Column0>
     <Column1>str</Column1>
     <Column2>30</Column2>

</ListItems><ListItems>
     <Column0>lDNC13ADD2</Column0>
     <Column1>str</Column1>
     <Column2>30</Column2>

</ListItems><ListItems>
     <Column0>lDNC13CITY</Column0>
     <Column1>str</Column1>
     <Column2>20</Column2>

</ListItems><ListItems>
     <Column0>lDNC13STATE</Column0>
     <Column1>str</Column1>
     <Column2>2</Column2>

</ListItems><ListItems>
     <Column0>lDNC13AREAC</Column0>
     <Column1>num</Column1>
     <Column2>3</Column2>

</ListItems><ListItems>
     <Column0>lDNC13PHONE3</Column0>
     <Column1>num</Column1>
     <Column2>3</Column2>

</ListItems><ListItems>
     <Column0>lDNC13PHONE4</Column0>
     <Column1>num</Column1>
     <Column2>4</Column2>

</ListItems><ListItems>
     <Column0>lDNC14FNAME</Column0>
     <Column1>str</Column1>
     <Column2>16</Column2>

</ListItems><ListItems>
     <Column0>lDNC14MI</Column0>
     <Column1>str</Column1>
     <Column2>1</Column2>

</ListItems><ListItems>
     <Column0>lDNC14LNAME</Column0>
     <Column1>str</Column1>
     <Column2>16</Column2>

</ListItems><ListItems>
     <Column0>lDNC14ZIP</Column0>
     <Column1>str</Column1>
     <Column2>6</Column2>

</ListItems><ListItems>
     <Column0>lDNC14ADD1</Column0>
     <Column1>str</Column1>
     <Column2>30</Column2>

</ListItems><ListItems>
     <Column0>lDNC14ADD2</Column0>
     <Column1>str</Column1>
     <Column2>30</Column2>

</ListItems><ListItems>
     <Column0>lDNC14CITY</Column0>
     <Column1>str</Column1>
     <Column2>20</Column2>

</ListItems><ListItems>
     <Column0>lDNC14STATE</Column0>
     <Column1>str</Column1>
     <Column2>2</Column2>

</ListItems><ListItems>
     <Column0>lDNC14AREAC</Column0>
     <Column1>num</Column1>
     <Column2>3</Column2>

</ListItems><ListItems>
     <Column0>lDNC14PHONE3</Column0>
     <Column1>num</Column1>
     <Column2>3</Column2>

</ListItems><ListItems>
     <Column0>lDNC14PHONE4</Column0>
     <Column1>num</Column1>
     <Column2>4</Column2>

</ListItems><ListItems>
     <Column0>lDNC15FNAME</Column0>
     <Column1>str</Column1>
     <Column2>16</Column2>

</ListItems><ListItems>
     <Column0>lDNC15MI</Column0>
     <Column1>str</Column1>
     <Column2>1</Column2>

</ListItems><ListItems>
     <Column0>lDNC15LNAME</Column0>
     <Column1>str</Column1>
     <Column2>16</Column2>

</ListItems><ListItems>
     <Column0>lDNC15ZIP</Column0>
     <Column1>str</Column1>
     <Column2>6</Column2>

</ListItems><ListItems>
     <Column0>lDNC15ADD1</Column0>
     <Column1>str</Column1>
     <Column2>30</Column2>

</ListItems><ListItems>
     <Column0>lDNC15ADD2</Column0>
     <Column1>str</Column1>
     <Column2>30</Column2>

</ListItems><ListItems>
     <Column0>lDNC15CITY</Column0>
     <Column1>str</Column1>
     <Column2>20</Column2>

</ListItems><ListItems>
     <Column0>lDNC15STATE</Column0>
     <Column1>str</Column1>
     <Column2>2</Column2>

</ListItems><ListItems>
     <Column0>lDNC15AREAC</Column0>
     <Column1>num</Column1>
     <Column2>3</Column2>

</ListItems><ListItems>
     <Column0>lDNC15PHONE3</Column0>
     <Column1>num</Column1>
     <Column2>3</Column2>

</ListItems><ListItems>
     <Column0>lDNC15PHONE4</Column0>
     <Column1>num</Column1>
     <Column2>4</Column2>

</ListItems><ListItems>
     <Column0>lSELECT124</Column0>
     <Column1>str</Column1>
     <Column2>1</Column2>

</ListItems><ListItems>
     <Column0>lSELECT125</Column0>
     <Column1>str</Column1>
     <Column2>1</Column2>

</ListItems><ListItems>
     <Column0>lSELECT126</Column0>
     <Column1>str</Column1>
     <Column2>1</Column2>

</ListItems><ListItems>
     <Column0>lSELECT127</Column0>
     <Column1>str</Column1>
     <Column2>1</Column2>

</ListItems><ListItems>
     <Column0>lSELECT128</Column0>
     <Column1>str</Column1>
     <Column2>1</Column2>

</ListItems><ListItems>
     <Column0>lSELECT129</Column0>
     <Column1>str</Column1>
     <Column2>1</Column2>

</ListItems><ListItems>
     <Column0>lSELECT130</Column0>
     <Column1>str</Column1>
     <Column2>1</Column2>

</ListItems><ListItems>
     <Column0>lSELECT131</Column0>
     <Column1>str</Column1>
     <Column2>1</Column2>

</ListItems><ListItems>
     <Column0>lSELECT132</Column0>
     <Column1>str</Column1>
     <Column2>1</Column2>

</ListItems><ListItems>
     <Column0>lSELECT133</Column0>
     <Column1>str</Column1>
     <Column2>1</Column2>

</ListItems><ListItems>
     <Column0>lSELECT134</Column0>
     <Column1>str</Column1>
     <Column2>1</Column2>

</ListItems><ListItems>
     <Column0>lDNC1</Column0>
     <Column1>str</Column1>
     <Column2>1</Column2>

</ListItems><ListItems>
     <Column0>lDNC2</Column0>
     <Column1>str</Column1>
     <Column2>1</Column2>

</ListItems><ListItems>
     <Column0>lDNC3</Column0>
     <Column1>str</Column1>
     <Column2>1</Column2>

</ListItems><ListItems>
     <Column0>lDNC4</Column0>
     <Column1>str</Column1>
     <Column2>1</Column2>

</ListItems><ListItems>
     <Column0>lDNC5</Column0>
     <Column1>str</Column1>
     <Column2>1</Column2>

</ListItems><ListItems>
     <Column0>lDNC6</Column0>
     <Column1>str</Column1>
     <Column2>1</Column2>

</ListItems><ListItems>
     <Column0>lDNC7</Column0>
     <Column1>str</Column1>
     <Column2>1</Column2>

</ListItems><ListItems>
     <Column0>lDNC8</Column0>
     <Column1>str</Column1>
     <Column2>1</Column2>

</ListItems><ListItems>
     <Column0>lDNC9</Column0>
     <Column1>str</Column1>
     <Column2>1</Column2>

</ListItems><ListItems>
     <Column0>lDNC10</Column0>
     <Column1>str</Column1>
     <Column2>1</Column2>

</ListItems><ListItems>
     <Column0>lDNC11</Column0>
     <Column1>str</Column1>
     <Column2>1</Column2>

</ListItems><ListItems>
     <Column0>lDNC12</Column0>
     <Column1>str</Column1>
     <Column2>1</Column2>

</ListItems><ListItems>
     <Column0>lDNC13</Column0>
     <Column1>str</Column1>
     <Column2>1</Column2>

</ListItems><ListItems>
     <Column0>lDNC14</Column0>
     <Column1>str</Column1>
     <Column2>1</Column2>

</ListItems><ListItems>
     <Column0>lDNC15</Column0>
     <Column1>str</Column1>
     <Column2>1</Column2>

</ListItems><ListItems>
     <Column0>lDNC2AREAC</Column0>
     <Column1>num</Column1>
     <Column2>3</Column2>

</ListItems><ListItems>
     <Column0>lSELECT135</Column0>
     <Column1>str</Column1>
     <Column2>1</Column2>

</ListItems><ListItems>
     <Column0>lSELECT136</Column0>
     <Column1>str</Column1>
     <Column2>1</Column2>

</ListItems><ListItems>
     <Column0>lSELECT137</Column0>
     <Column1>str</Column1>
     <Column2>1</Column2>

</ListItems><ListItems>
     <Column0>lSELECT138</Column0>
     <Column1>str</Column1>
     <Column2>1</Column2>

</ListItems><ListItems>
     <Column0>lSELECT139</Column0>
     <Column1>str</Column1>
     <Column2>1</Column2>

</ListItems><ListItems>
     <Column0>lSELECT140</Column0>
     <Column1>str</Column1>
     <Column2>1</Column2>

</ListItems><ListItems>
     <Column0>lSELECT141</Column0>
     <Column1>str</Column1>
     <Column2>1</Column2>

</ListItems><ListItems>
     <Column0>lSELECT142</Column0>
     <Column1>str</Column1>
     <Column2>1</Column2>

</ListItems><ListItems>
     <Column0>lSELECT143</Column0>
     <Column1>str</Column1>
     <Column2>1</Column2>

</ListItems><ListItems>
     <Column0>lSELECT144</Column0>
     <Column1>str</Column1>
     <Column2>1</Column2>

</ListItems><ListItems>
     <Column0>lSELECT145</Column0>
     <Column1>str</Column1>
     <Column2>1</Column2>

</ListItems><ListItems>
     <Column0>lSELECT146</Column0>
     <Column1>str</Column1>
     <Column2>1</Column2>

</ListItems><ListItems>
     <Column0>lSELECT147</Column0>
     <Column1>str</Column1>
     <Column2>1</Column2>

</ListItems><ListItems>
     <Column0>lSELECT148</Column0>
     <Column1>str</Column1>
     <Column2>1</Column2>

</ListItems><ListItems>
     <Column0>lSELECT149</Column0>
     <Column1>str</Column1>
     <Column2>1</Column2>

</ListItems><ListItems>
     <Column0>lSELECT150</Column0>
     <Column1>str</Column1>
     <Column2>1</Column2>

</ListItems><ListItems>
     <Column0>lSELECT151</Column0>
     <Column1>str</Column1>
     <Column2>1</Column2>

</ListItems><ListItems>
     <Column0>lSELECT152</Column0>
     <Column1>str</Column1>
     <Column2>1</Column2>

</ListItems><ListItems>
     <Column0>lSELECT153</Column0>
     <Column1>str</Column1>
     <Column2>1</Column2>

</ListItems><ListItems>
     <Column0>lSELECT154</Column0>
     <Column1>str</Column1>
     <Column2>1</Column2>

</ListItems><ListItems>
     <Column0>lSELECT155</Column0>
     <Column1>str</Column1>
     <Column2>1</Column2>

</ListItems><ListItems>
     <Column0>lSELECT156</Column0>
     <Column1>str</Column1>
     <Column2>1</Column2>

</ListItems><ListItems>
     <Column0>lSELECT157</Column0>
     <Column1>str</Column1>
     <Column2>1</Column2>

</ListItems><ListItems>
     <Column0>lSELECT158</Column0>
     <Column1>str</Column1>
     <Column2>1</Column2>

</ListItems><ListItems>
     <Column0>lSELECT159</Column0>
     <Column1>str</Column1>
     <Column2>1</Column2>

</ListItems><ListItems>
     <Column0>lSELECT160</Column0>
     <Column1>str</Column1>
     <Column2>1</Column2>

</ListItems><ListItems>
     <Column0>lSELECT161</Column0>
     <Column1>str</Column1>
     <Column2>1</Column2>

</ListItems><ListItems>
     <Column0>lSELECT162</Column0>
     <Column1>str</Column1>
     <Column2>1</Column2>

</ListItems><ListItems>
     <Column0>lSELECT163</Column0>
     <Column1>str</Column1>
     <Column2>1</Column2>

</ListItems><ListItems>
     <Column0>lSELECT164</Column0>
     <Column1>str</Column1>
     <Column2>1</Column2>

</ListItems><ListItems>
     <Column0>lDNC1NOADD</Column0>
     <Column1>str</Column1>
     <Column2>1</Column2>

</ListItems><ListItems>
     <Column0>lDNC2NOADD</Column0>
     <Column1>str</Column1>
     <Column2>1</Column2>

</ListItems><ListItems>
     <Column0>lDNC3NOADD</Column0>
     <Column1>str</Column1>
     <Column2>1</Column2>

</ListItems><ListItems>
     <Column0>lDNC4NOADD</Column0>
     <Column1>str</Column1>
     <Column2>1</Column2>

</ListItems><ListItems>
     <Column0>lDNC5NOADD</Column0>
     <Column1>str</Column1>
     <Column2>1</Column2>

</ListItems><ListItems>
     <Column0>lDNC6NOADD</Column0>
     <Column1>str</Column1>
     <Column2>1</Column2>

</ListItems><ListItems>
     <Column0>lDNC7NOADD</Column0>
     <Column1>str</Column1>
     <Column2>1</Column2>

</ListItems><ListItems>
     <Column0>lDNC8NOADD</Column0>
     <Column1>str</Column1>
     <Column2>1</Column2>

</ListItems><ListItems>
     <Column0>lDNC9NOADD</Column0>
     <Column1>str</Column1>
     <Column2>1</Column2>

</ListItems><ListItems>
     <Column0>lDNC10NOADD</Column0>
     <Column1>str</Column1>
     <Column2>1</Column2>

</ListItems><ListItems>
     <Column0>lDNC11NOADD</Column0>
     <Column1>str</Column1>
     <Column2>1</Column2>

</ListItems><ListItems>
     <Column0>lDNC12NOADD</Column0>
     <Column1>str</Column1>
     <Column2>1</Column2>

</ListItems><ListItems>
     <Column0>lDNC13NOADD</Column0>
     <Column1>str</Column1>
     <Column2>1</Column2>

</ListItems><ListItems>
     <Column0>lDNC14NOADD</Column0>
     <Column1>str</Column1>
     <Column2>1</Column2>

</ListItems><ListItems>
     <Column0>lDNC15NOADD</Column0>
     <Column1>str</Column1>
     <Column2>1</Column2>

</ListItems></lXLFDNC>
