﻿<lXLFRate>
<ListItems>
     <Column0>lIVLDNC</Column0>
     <Column1>str</Column1>
     <Column2>1</Column2>

</ListItems><ListItems>
     <Column0>lIVLletter</Column0>
     <Column1>str</Column1>
     <Column2>1</Column2>

</ListItems><ListItems>
     <Column0>lIVLSatisfied</Column0>
     <Column1>str</Column1>
     <Column2>1</Column2>

</ListItems><ListItems>
     <Column0>lIVLaddress1</Column0>
     <Column1>str</Column1>
     <Column2>30</Column2>

</ListItems><ListItems>
     <Column0>lIVLaddress2</Column0>
     <Column1>str</Column1>
     <Column2>30</Column2>

</ListItems><ListItems>
     <Column0>lIVLcity</Column0>
     <Column1>str</Column1>
     <Column2>28</Column2>

</ListItems><ListItems>
     <Column0>lIVLstate</Column0>
     <Column1>str</Column1>
     <Column2>2</Column2>

</ListItems><ListItems>
     <Column0>lIVlzip</Column0>
     <Column1>str</Column1>
     <Column2>5</Column2>

</ListItems><ListItems>
     <Column0>lFixedFieldXLF1</Column0>
     <Column1>str</Column1>
     <Column2>50</Column2>

</ListItems><ListItems>
     <Column0>lIVLcustomerIrate</Column0>
     <Column1>str</Column1>
     <Column2>1</Column2>

</ListItems><ListItems>
     <Column0>lDNC1AREAC</Column0>
     <Column1>num</Column1>
     <Column2>3</Column2>

</ListItems><ListItems>
     <Column0>lDNC1PHONE3</Column0>
     <Column1>num</Column1>
     <Column2>3</Column2>

</ListItems><ListItems>
     <Column0>lDNC1PHONE4</Column0>
     <Column1>num</Column1>
     <Column2>4</Column2>

</ListItems><ListItems>
     <Column0>lCountry50</Column0>
     <Column1>str</Column1>
     <Column2>50</Column2>

</ListItems><ListItems>
     <Column0>lDNCBP</Column0>
     <Column1>str</Column1>
     <Column2>10</Column2>

</ListItems><ListItems>
     <Column0>lDNCBP1</Column0>
     <Column1>str</Column1>
     <Column2>10</Column2>

</ListItems><ListItems>
     <Column0>lDNCBP2</Column0>
     <Column1>str</Column1>
     <Column2>10</Column2>

</ListItems><ListItems>
     <Column0>lDNCBP3</Column0>
     <Column1>str</Column1>
     <Column2>10</Column2>

</ListItems><ListItems>
     <Column0>lDNCBP4</Column0>
     <Column1>str</Column1>
     <Column2>10</Column2>

</ListItems><ListItems>
     <Column0>lDNCBP5</Column0>
     <Column1>str</Column1>
     <Column2>10</Column2>

</ListItems><ListItems>
     <Column0>lDNCBP6</Column0>
     <Column1>str</Column1>
     <Column2>10</Column2>

</ListItems><ListItems>
     <Column0>lDNCBP7</Column0>
     <Column1>str</Column1>
     <Column2>10</Column2>

</ListItems><ListItems>
     <Column0>lDNCBP8</Column0>
     <Column1>str</Column1>
     <Column2>10</Column2>

</ListItems><ListItems>
     <Column0>lDNCBP9</Column0>
     <Column1>str</Column1>
     <Column2>10</Column2>

</ListItems><ListItems>
     <Column0>lDNCBP10</Column0>
     <Column1>str</Column1>
     <Column2>10</Column2>

</ListItems><ListItems>
     <Column0>lDNCBP11</Column0>
     <Column1>str</Column1>
     <Column2>10</Column2>

</ListItems><ListItems>
     <Column0>lDNCBP12</Column0>
     <Column1>str</Column1>
     <Column2>10</Column2>

</ListItems><ListItems>
     <Column0>lDNCBP13</Column0>
     <Column1>str</Column1>
     <Column2>10</Column2>

</ListItems><ListItems>
     <Column0>lDNCBP14</Column0>
     <Column1>str</Column1>
     <Column2>10</Column2>

</ListItems><ListItems>
     <Column0>lDNCBP15</Column0>
     <Column1>str</Column1>
     <Column2>10</Column2>

</ListItems><ListItems>
     <Column0>lDNCdec</Column0>
     <Column1>str</Column1>
     <Column2>1</Column2>

</ListItems><ListItems>
     <Column0>lDNCdec1</Column0>
     <Column1>str</Column1>
     <Column2>1</Column2>

</ListItems><ListItems>
     <Column0>lDNCdec2</Column0>
     <Column1>str</Column1>
     <Column2>1</Column2>

</ListItems><ListItems>
     <Column0>lDNCdec3</Column0>
     <Column1>str</Column1>
     <Column2>1</Column2>

</ListItems><ListItems>
     <Column0>lDNCdec4</Column0>
     <Column1>str</Column1>
     <Column2>1</Column2>

</ListItems><ListItems>
     <Column0>lDNCdec5</Column0>
     <Column1>str</Column1>
     <Column2>1</Column2>

</ListItems><ListItems>
     <Column0>lDNCdec6</Column0>
     <Column1>str</Column1>
     <Column2>1</Column2>

</ListItems><ListItems>
     <Column0>lDNCdec7</Column0>
     <Column1>str</Column1>
     <Column2>1</Column2>

</ListItems><ListItems>
     <Column0>lDNCdec8</Column0>
     <Column1>str</Column1>
     <Column2>1</Column2>

</ListItems><ListItems>
     <Column0>lDNCdec9</Column0>
     <Column1>str</Column1>
     <Column2>1</Column2>

</ListItems><ListItems>
     <Column0>lDNCdec10</Column0>
     <Column1>str</Column1>
     <Column2>1</Column2>

</ListItems><ListItems>
     <Column0>lDNCdec11</Column0>
     <Column1>str</Column1>
     <Column2>1</Column2>

</ListItems><ListItems>
     <Column0>lDNCdec12</Column0>
     <Column1>str</Column1>
     <Column2>1</Column2>

</ListItems><ListItems>
     <Column0>lDNCdec13</Column0>
     <Column1>str</Column1>
     <Column2>1</Column2>

</ListItems><ListItems>
     <Column0>lDNCdec14</Column0>
     <Column1>str</Column1>
     <Column2>1</Column2>

</ListItems><ListItems>
     <Column0>lDNCdec15</Column0>
     <Column1>str</Column1>
     <Column2>1</Column2>

</ListItems><ListItems>
     <Column0>lDNCbn</Column0>
     <Column1>str</Column1>
     <Column2>50</Column2>

</ListItems><ListItems>
     <Column0>lDNCbn1</Column0>
     <Column1>str</Column1>
     <Column2>50</Column2>

</ListItems><ListItems>
     <Column0>lDNCbn2</Column0>
     <Column1>str</Column1>
     <Column2>50</Column2>

</ListItems><ListItems>
     <Column0>lDNCbn3</Column0>
     <Column1>str</Column1>
     <Column2>50</Column2>

</ListItems><ListItems>
     <Column0>lDNCbn4</Column0>
     <Column1>str</Column1>
     <Column2>50</Column2>

</ListItems><ListItems>
     <Column0>lDNCbn5</Column0>
     <Column1>str</Column1>
     <Column2>50</Column2>

</ListItems><ListItems>
     <Column0>lDNCbn6</Column0>
     <Column1>str</Column1>
     <Column2>50</Column2>

</ListItems><ListItems>
     <Column0>lDNCbn7</Column0>
     <Column1>str</Column1>
     <Column2>50</Column2>

</ListItems><ListItems>
     <Column0>lDNCbn8</Column0>
     <Column1>str</Column1>
     <Column2>50</Column2>

</ListItems><ListItems>
     <Column0>lDNCbn9</Column0>
     <Column1>str</Column1>
     <Column2>50</Column2>

</ListItems><ListItems>
     <Column0>lDNCbn10</Column0>
     <Column1>str</Column1>
     <Column2>50</Column2>

</ListItems><ListItems>
     <Column0>lDNCbn11</Column0>
     <Column1>str</Column1>
     <Column2>50</Column2>

</ListItems><ListItems>
     <Column0>lDNCbn12</Column0>
     <Column1>str</Column1>
     <Column2>50</Column2>

</ListItems><ListItems>
     <Column0>lDNCbn13</Column0>
     <Column1>str</Column1>
     <Column2>50</Column2>

</ListItems><ListItems>
     <Column0>lDNCbn14</Column0>
     <Column1>str</Column1>
     <Column2>50</Column2>

</ListItems><ListItems>
     <Column0>lDNCbn15</Column0>
     <Column1>str</Column1>
     <Column2>50</Column2>

</ListItems><ListItems>
     <Column0>lDNCBPA</Column0>
     <Column1>str</Column1>
     <Column2>1</Column2>

</ListItems><ListItems>
     <Column0>lDNCBPA1</Column0>
     <Column1>str</Column1>
     <Column2>1</Column2>

</ListItems><ListItems>
     <Column0>lDNCBPA2</Column0>
     <Column1>str</Column1>
     <Column2>1</Column2>

</ListItems><ListItems>
     <Column0>lDNCBPA3</Column0>
     <Column1>str</Column1>
     <Column2>1</Column2>

</ListItems><ListItems>
     <Column0>lDNCBPA4</Column0>
     <Column1>str</Column1>
     <Column2>1</Column2>

</ListItems><ListItems>
     <Column0>lDNCBPA5</Column0>
     <Column1>str</Column1>
     <Column2>1</Column2>

</ListItems><ListItems>
     <Column0>lDNCBPA6</Column0>
     <Column1>str</Column1>
     <Column2>1</Column2>

</ListItems><ListItems>
     <Column0>lDNCBPA7</Column0>
     <Column1>str</Column1>
     <Column2>1</Column2>

</ListItems><ListItems>
     <Column0>lDNCBPA8</Column0>
     <Column1>str</Column1>
     <Column2>1</Column2>

</ListItems><ListItems>
     <Column0>lDNCBPA9</Column0>
     <Column1>str</Column1>
     <Column2>1</Column2>

</ListItems><ListItems>
     <Column0>lDNCBPA10</Column0>
     <Column1>str</Column1>
     <Column2>1</Column2>

</ListItems><ListItems>
     <Column0>lDNCBPA11</Column0>
     <Column1>str</Column1>
     <Column2>1</Column2>

</ListItems><ListItems>
     <Column0>lDNCBPA12</Column0>
     <Column1>str</Column1>
     <Column2>1</Column2>

</ListItems><ListItems>
     <Column0>lDNCBPA13</Column0>
     <Column1>str</Column1>
     <Column2>1</Column2>

</ListItems><ListItems>
     <Column0>lDNCBPA14</Column0>
     <Column1>str</Column1>
     <Column2>1</Column2>

</ListItems><ListItems>
     <Column0>lDNCBPA15</Column0>
     <Column1>str</Column1>
     <Column2>1</Column2>

</ListItems></lXLFRate>
